{
  "properties": {
    "connectionReferences": {},
    "definition": {
      "$schema": "https://schema.management.azure.com/providers/Microsoft.Logic/schemas/2016-06-01/workflowdefinition.json#",
      "contentVersion": "1.0.0.0",
      "parameters": {
        "$authentication": {
          "defaultValue": {},
          "type": "SecureObject"
        }
      },
      "triggers": {
        "Recurrence": {
          "recurrence": {
            "frequency": "Day",
            "interval": 1,
            "timeZone": "AUS Eastern Standard Time",
            "schedule": {
              "hours": [
                "1",
                "3",
                "5",
                "7",
                "9"
              ]
            }
          },
          "metadata": {
            "operationMetadataId": "fbe31a16-dee5-4e8d-b454-1cd1ab2868b9"
          },
          "type": "Recurrence"
        }
      },
      "actions": {
        "Current_time_-_UTC": {
          "runAfter": {},
          "metadata": {
            "operationMetadataId": "be6ebf33-a3b8-44e5-ac0e-646ed2ebf237"
          },
          "type": "Expression",
          "kind": "CurrentTime",
          "inputs": {}
        },
        "Convert_time_zone_-_AEST": {
          "runAfter": {
            "Current_time_-_UTC": [
              "Succeeded"
            ]
          },
          "metadata": {
            "operationMetadataId": "8b340f11-855f-4c25-9ccb-98dd45877d3a"
          },
          "type": "Expression",
          "kind": "ConvertTimeZone",
          "inputs": {
            "baseTime": "@body('Current_time_-_UTC')",
            "formatString": "HH",
            "sourceTimeZone": "GMT Standard Time",
            "destinationTimeZone": "AUS Eastern Standard Time"
          }
        },
        "Switch_-_Daily_workflows_(1,_3,_5,_7,_9am)": {
          "runAfter": {
            "Convert_time_zone_-_AEST": [
              "Succeeded"
            ]
          },
          "cases": {
            "Create_users_@_1am": {
              "case": "01",
              "actions": {
                "HTTP_-_Guest_Sync_-_copy_users_to_EBOS_tenant": {
                  "runAfter": {},
                  "type": "Http",
                  "inputs": {
                    "method": "POST",
                    "uri": "https://prod-05.australiasoutheast.logic.azure.com:443/workflows/65e1fd404b2b4c4085f6d48b769cd7ce/triggers/manual/paths/invoke?api-version=2016-06-01&sp=%2Ftriggers%2Fmanual%2Frun&sv=1.0&sig=jNDbg_BtGUFSHvkOUZa4t3yF5nYGVnGPfxdfLJ8wL54"
                  }
                }
              }
            },
            "Copy_profile_photos_@_3am": {
              "case": "03",
              "actions": {
                "HTTP_-_Guest_Sync_-_copy_or_update_profile_photos": {
                  "runAfter": {},
                  "type": "Http",
                  "inputs": {
                    "method": "POST",
                    "uri": "https://prod-19.australiasoutheast.logic.azure.com:443/workflows/13319a44bec945c29fac69e0a4714975/triggers/manual/paths/invoke?api-version=2016-06-01&sp=%2Ftriggers%2Fmanual%2Frun&sv=1.0&sig=xRLuR0n-jTAE7GOxof29LpG8lbbSVf7jjyipPIATbsQ"
                  }
                }
              }
            },
            "Update_user_properties_@_5am": {
              "case": "05",
              "actions": {
                "HTTP_-_Guest_Sync_-_update_user_properties_of_EBOS_guests": {
                  "runAfter": {},
                  "type": "Http",
                  "inputs": {
                    "method": "POST",
                    "uri": "https://prod-27.australiasoutheast.logic.azure.com:443/workflows/aa843033b3bc4cf9ab56c50b74f68604/triggers/manual/paths/invoke?api-version=2016-06-01&sp=%2Ftriggers%2Fmanual%2Frun&sv=1.0&sig=otDpylJwLBZS9Op96gZD5wZNwArOpkCzZxfdQ_8WKm0"
                  }
                }
              }
            },
            "Delete_guests_@_7am": {
              "case": "07",
              "actions": {
                "HTTP_-_Guest_Sync_-_delete_missing_users_from_EBOS_tenant": {
                  "runAfter": {},
                  "type": "Http",
                  "inputs": {
                    "method": "POST",
                    "uri": "https://prod-04.australiasoutheast.logic.azure.com:443/workflows/d308aedcf4224f2eb09d4b3e578dbcc5/triggers/manual/paths/invoke?api-version=2016-06-01&sp=%2Ftriggers%2Fmanual%2Frun&sv=1.0&sig=UWDYkKBa_esZUbOjVE5yDLntEdDA2L8Q0UC45H_2JU4"
                  }
                }
              }
            },
            "Update_sync_status_@_9am": {
              "case": "09",
              "actions": {
                "HTTP_-_Guest_Sync_-_update_guest_redemption_state": {
                  "runAfter": {},
                  "metadata": {
                    "operationMetadataId": "877c1c8c-0cc7-4c16-ace2-53a68f12db1e"
                  },
                  "type": "Http",
                  "inputs": {
                    "method": "POST",
                    "uri": "https://prod-02.australiasoutheast.logic.azure.com:443/workflows/bed3711e7bb249eea7a4a8f58ca77439/triggers/manual/paths/invoke?api-version=2016-06-01&sp=%2Ftriggers%2Fmanual%2Frun&sv=1.0&sig=OoWwVCX54QLok8VbCNokVYcMQK22IpV_NjM_PbRcwSI"
                  }
                }
              }
            }
          },
          "default": {
            "actions": {
              "Compose_3": {
                "runAfter": {},
                "type": "Compose",
                "inputs": "Default"
              }
            }
          },
          "expression": "@body('Convert_time_zone_-_AEST')",
          "metadata": {
            "operationMetadataId": "2234bac2-36f2-4352-bd2e-16e7347271ff"
          },
          "type": "Switch"
        }
      }
    },
    "templateName": null
  },
  "schemaVersion": "1.0.0.0"
}