{
  "properties": {
    "connectionReferences": {
      "shared_sharepointonline": {
        "runtimeSource": "embedded",
        "connection": {},
        "api": {
          "name": "shared_sharepointonline"
        }
      }
    },
    "definition": {
      "$schema": "https://schema.management.azure.com/providers/Microsoft.Logic/schemas/2016-06-01/workflowdefinition.json#",
      "contentVersion": "1.0.0.0",
      "parameters": {
        "$connections": {
          "defaultValue": {},
          "type": "Object"
        },
        "$authentication": {
          "defaultValue": {},
          "type": "SecureObject"
        }
      },
      "triggers": {
        "manual": {
          "metadata": {
            "operationMetadataId": "84e870d6-64f2-4ce9-9785-0dc116d8835f"
          },
          "type": "Request",
          "kind": "Http",
          "inputs": {}
        }
      },
      "actions": {
        "Get_item_-_HOST_tenant_values": {
          "runAfter": {
            "Initialize_variable_-_SP_GuestSyncStatus_list": [
              "Succeeded"
            ]
          },
          "metadata": {
            "operationMetadataId": "63dd3456-cffd-49d5-a4e0-3b040927952f"
          },
          "type": "OpenApiConnection",
          "inputs": {
            "host": {
              "connectionName": "shared_sharepointonline",
              "operationId": "GetItem",
              "apiId": "/providers/Microsoft.PowerApps/apis/shared_sharepointonline"
            },
            "parameters": {
              "dataset": "@variables('SPsiteURL')",
              "table": "@variables('SPlist-GuestSyncTenants')",
              "id": 1
            },
            "authentication": "@parameters('$authentication')"
          }
        },
        "Get_items_-_SUBSIDIARY_tenant_values": {
          "runAfter": {
            "Get_item_-_HOST_tenant_values": [
              "Succeeded"
            ]
          },
          "metadata": {
            "operationMetadataId": "b2885434-9053-43d7-a9ec-d15c7443e104"
          },
          "type": "OpenApiConnection",
          "inputs": {
            "host": {
              "connectionName": "shared_sharepointonline",
              "operationId": "GetItems",
              "apiId": "/providers/Microsoft.PowerApps/apis/shared_sharepointonline"
            },
            "parameters": {
              "dataset": "@variables('SPsiteURL')",
              "table": "@variables('SPlist-GuestSyncTenants')",
              "$filter": "Title ne '@{outputs('Get_item_-_HOST_tenant_values')?['body/Title']}'"
            },
            "authentication": "@parameters('$authentication')"
          }
        },
        "Apply_to_each_SUBSIDIARY": {
          "foreach": "@outputs('Get_items_-_SUBSIDIARY_tenant_values')?['body/value']",
          "actions": {
            "HTTP_-_Get_SUBSIDIARY_security_group_members": {
              "runAfter": {},
              "metadata": {
                "operationMetadataId": "3613dc0a-8680-44c7-8cc3-adf8578e9095"
              },
              "type": "Http",
              "inputs": {
                "method": "GET",
                "uri": "https://graph.microsoft.com/v1.0/groups/@{items('Apply_to_each_SUBSIDIARY')?['SyncGroupID']}/members?$select=id,userPrincipalName,displayName,jobTitle,companyName,department",
                "authentication": {
                  "type": "ActiveDirectoryOAuth",
                  "tenant": "@items('Apply_to_each_SUBSIDIARY')?['TenantID']",
                  "audience": "https://graph.microsoft.com",
                  "clientId": "@items('Apply_to_each_SUBSIDIARY')?['ApplicationID']",
                  "secret": "@items('Apply_to_each_SUBSIDIARY')?['SecretValue']"
                }
              },
              "runtimeConfiguration": {
                "paginationPolicy": {
                  "minimumItemCount": 5000
                }
              }
            },
            "Parse_JSON": {
              "runAfter": {
                "HTTP_-_Get_SUBSIDIARY_security_group_members": [
                  "Succeeded"
                ]
              },
              "metadata": {
                "operationMetadataId": "5f11bdf2-1db4-48ef-ad98-006b85dc9b96"
              },
              "type": "ParseJson",
              "inputs": {
                "content": "@body('HTTP_-_Get_SUBSIDIARY_security_group_members')",
                "schema": {
                  "type": "object",
                  "properties": {
                    "@@odata.context": {
                      "type": "string"
                    },
                    "value": {
                      "type": "array",
                      "items": {
                        "type": "object",
                        "properties": {
                          "@@odata.type": {
                            "type": "string"
                          },
                          "id": {
                            "type": "string"
                          },
                          "displayName": {
                            "type": "string"
                          },
                          "companyName": {
                            "type": [
                              "string",
                              "null"
                            ]
                          },
                          "department": {
                            "type": [
                              "string",
                              "null"
                            ]
                          },
                          "jobTitle": {
                            "type": [
                              "string",
                              "null"
                            ]
                          },
                          "userPrincipalName": {
                            "type": "string"
                          }
                        },
                        "required": [
                          "@@odata.type",
                          "id",
                          "displayName",
                          "userPrincipalName"
                        ]
                      }
                    }
                  }
                }
              }
            },
            "Get_items_-_get_guest_sync_list": {
              "runAfter": {
                "Parse_JSON": [
                  "Succeeded"
                ]
              },
              "metadata": {
                "operationMetadataId": "a4fe6a4c-e128-472c-b5f9-712fa11ce652"
              },
              "type": "OpenApiConnection",
              "inputs": {
                "host": {
                  "connectionName": "shared_sharepointonline",
                  "operationId": "GetItems",
                  "apiId": "/providers/Microsoft.PowerApps/apis/shared_sharepointonline"
                },
                "parameters": {
                  "dataset": "@variables('SPsiteURL')",
                  "table": "@variables('SPlist-GuestSyncStatus')",
                  "$filter": "SyncOrg eq '@{items('Apply_to_each_SUBSIDIARY')?['Title']}' and Status ne 'Deleted'"
                },
                "authentication": "@parameters('$authentication')"
              },
              "runtimeConfiguration": {
                "paginationPolicy": {
                  "minimumItemCount": 5000
                }
              }
            },
            "Set_UPN_values_from_SP_list": {
              "runAfter": {
                "Get_items_-_get_guest_sync_list": [
                  "Succeeded"
                ]
              },
              "metadata": {
                "operationMetadataId": "468e5404-292d-4fa8-b2f8-5905c20d9127"
              },
              "type": "Select",
              "inputs": {
                "from": "@outputs('Get_items_-_get_guest_sync_list')?['body/value']",
                "select": "@item()?['Title']"
              }
            },
            "Select_-_put_SP_items_into_array_for_comparison": {
              "runAfter": {
                "Set_UPN_values_from_SP_list": [
                  "Succeeded"
                ]
              },
              "metadata": {
                "operationMetadataId": "69b46507-514f-48d3-95b7-e49b49b089f1"
              },
              "type": "Select",
              "inputs": {
                "from": "@outputs('Get_items_-_get_guest_sync_list')?['body/value']",
                "select": {
                  "ExternalUPN": "@item()?['Title']",
                  "ExternalUserID": "@item()?['ExternalUserID']",
                  "JobTitle": "@item()?['JobTitle']",
                  "ExternalDepartment": "@item()?['ExternalDepartment']",
                  "ExternalCompany": "@item()?['ExternalCompany']",
                  "DisplayName": "@item()?['DisplayName']"
                }
              }
            },
            "Select_-_put_SUBSIDARY_user_details_into_array_for_comparison": {
              "runAfter": {
                "Select_-_put_SP_items_into_array_for_comparison": [
                  "Succeeded"
                ]
              },
              "metadata": {
                "operationMetadataId": "54db9731-812b-4339-bf9a-6858d442c83f"
              },
              "type": "Select",
              "inputs": {
                "from": "@body('Parse_JSON')?['value']",
                "select": {
                  "ExternalUPN": "@item()?['userPrincipalName']",
                  "ExternalUserID": "@item()?['id']",
                  "JobTitle": "@item()?['jobTitle']",
                  "ExternalDepartment": "@item()?['department']",
                  "ExternalCompany": "@item()?['companyName']",
                  "DisplayName": "@item()?['displayName']"
                }
              }
            },
            "Apply_to_each": {
              "foreach": "@outputs('Get_items_-_get_guest_sync_list')?['body/value']",
              "actions": {
                "Filter_array_-_match_SUBSIDIARY_item_to_SP_list_item": {
                  "runAfter": {},
                  "metadata": {
                    "operationMetadataId": "6744825c-4a26-4a2f-982b-78a3cbe92aa5"
                  },
                  "type": "Query",
                  "inputs": {
                    "from": "@body('Parse_JSON')?['value']",
                    "where": "@equals(item()?['id'], items('Apply_to_each')?['ExternalUserID'])"
                  }
                },
                "Condition_-_check_if_details_are_the_same": {
                  "actions": {},
                  "runAfter": {
                    "Select_-_companyName": [
                      "Succeeded"
                    ]
                  },
                  "else": {
                    "actions": {
                      "Update_item_-_guest_properties_with_latest_details": {
                        "runAfter": {},
                        "metadata": {
                          "operationMetadataId": "f7c75741-aa66-44c4-b6d5-e55060bb9595"
                        },
                        "type": "OpenApiConnection",
                        "inputs": {
                          "host": {
                            "connectionName": "shared_sharepointonline",
                            "operationId": "PatchItem",
                            "apiId": "/providers/Microsoft.PowerApps/apis/shared_sharepointonline"
                          },
                          "parameters": {
                            "dataset": "https://m365x77791025.sharepoint.com/sites/GuestSync",
                            "table": "e5368b3d-fbb9-49b0-bd40-ee9c51a5da3c",
                            "id": "@items('Apply_to_each')?['ID']",
                            "item/Title": "@items('Apply_to_each')?['Title']",
                            "item/DisplayName": "@first(body('Select_-_displayName'))",
                            "item/JobTitle": "@first(body('Select_-_jobTitle'))",
                            "item/Department": "@first(body('Select_-_department'))",
                            "item/Company": "@first(body('Select_-_companyName'))"
                          },
                          "authentication": "@parameters('$authentication')"
                        }
                      },
                      "HTTP_-_update_guest_with_job_title,_department,_company,_display_name": {
                        "runAfter": {
                          "Update_item_-_guest_properties_with_latest_details": [
                            "Succeeded"
                          ]
                        },
                        "metadata": {
                          "operationMetadataId": "83aa2f5c-6beb-4af5-94ac-761f5344f36c"
                        },
                        "type": "Http",
                        "inputs": {
                          "method": "PATCH",
                          "uri": "https://graph.microsoft.com/v1.0/users/@{outputs('Update_item_-_guest_properties_with_latest_details')?['body/GuestID']}",
                          "body": {
                            "jobTitle": "@first(body('Select_-_jobTitle'))",
                            "displayName": "@first(body('Select_-_displayName'))",
                            "companyName": "@first(body('Select_-_companyName'))",
                            "department": "@first(body('Select_-_department'))"
                          },
                          "authentication": {
                            "type": "ActiveDirectoryOAuth",
                            "tenant": "@{outputs('Get_item_-_HOST_tenant_values')?['body/TenantID']}",
                            "audience": "https://graph.microsoft.com",
                            "clientId": "@{outputs('Get_item_-_HOST_tenant_values')?['body/ApplicationID']}",
                            "secret": "@{outputs('Get_item_-_HOST_tenant_values')?['body/SecretValue']}"
                          }
                        }
                      }
                    }
                  },
                  "expression": {
                    "and": [
                      {
                        "equals": [
                          "@items('Apply_to_each')?['JobTitle']",
                          "@first(body('Select_-_jobTitle'))"
                        ]
                      },
                      {
                        "equals": [
                          "@items('Apply_to_each')?['ExternalDepartment']",
                          "@first(body('Select_-_department'))"
                        ]
                      },
                      {
                        "equals": [
                          "@items('Apply_to_each')?['ExternalCompany']",
                          "@first(body('Select_-_companyName'))"
                        ]
                      },
                      {
                        "equals": [
                          "@items('Apply_to_each')?['DisplayName']",
                          "@first(body('Select_-_displayName'))"
                        ]
                      }
                    ]
                  },
                  "metadata": {
                    "operationMetadataId": "4a85e9bd-9f73-4ee2-87e3-a2cceada7d48"
                  },
                  "type": "If"
                },
                "Select_-_jobTitle": {
                  "runAfter": {
                    "Filter_array_-_match_SUBSIDIARY_item_to_SP_list_item": [
                      "Succeeded"
                    ]
                  },
                  "metadata": {
                    "operationMetadataId": "f44b6a6b-584e-48d9-b023-e6edd167f3a7"
                  },
                  "type": "Select",
                  "inputs": {
                    "from": "@body('Filter_array_-_match_SUBSIDIARY_item_to_SP_list_item')",
                    "select": "@item()?['jobTitle']"
                  }
                },
                "Select_-_department": {
                  "runAfter": {
                    "Select_-_displayName": [
                      "Succeeded"
                    ]
                  },
                  "metadata": {
                    "operationMetadataId": "642150f0-48a7-4da4-84eb-760abd3c4895"
                  },
                  "type": "Select",
                  "inputs": {
                    "from": "@body('Filter_array_-_match_SUBSIDIARY_item_to_SP_list_item')",
                    "select": "@item()?['department']"
                  }
                },
                "Select_-_companyName": {
                  "runAfter": {
                    "Select_-_department": [
                      "Succeeded"
                    ]
                  },
                  "metadata": {
                    "operationMetadataId": "3d86c559-d992-43f8-9985-81cb04fa551b"
                  },
                  "type": "Select",
                  "inputs": {
                    "from": "@body('Filter_array_-_match_SUBSIDIARY_item_to_SP_list_item')",
                    "select": "@item()?['companyName']"
                  }
                },
                "Select_-_displayName": {
                  "runAfter": {
                    "Select_-_jobTitle": [
                      "Succeeded"
                    ]
                  },
                  "metadata": {
                    "operationMetadataId": "b101f4f8-240f-47b8-a9cc-dea50078e81c"
                  },
                  "type": "Select",
                  "inputs": {
                    "from": "@body('Filter_array_-_match_SUBSIDIARY_item_to_SP_list_item')",
                    "select": "@item()?['displayName']"
                  }
                }
              },
              "runAfter": {
                "Select_-_put_SUBSIDARY_user_details_into_array_for_comparison": [
                  "Succeeded"
                ]
              },
              "metadata": {
                "operationMetadataId": "ce92b281-d72a-4576-a98a-3440f1d1dcc7"
              },
              "type": "Foreach",
              "runtimeConfiguration": {
                "concurrency": {
                  "repetitions": 50
                }
              }
            }
          },
          "runAfter": {
            "Get_items_-_SUBSIDIARY_tenant_values": [
              "Succeeded"
            ]
          },
          "metadata": {
            "operationMetadataId": "6fec1a71-8608-49d4-8de8-6ec6be79f737"
          },
          "type": "Foreach"
        },
        "Initialize_variable_-_SP_site_URL": {
          "runAfter": {},
          "metadata": {
            "operationMetadataId": "661bdac7-4cdc-4456-ac56-ae1caff33882"
          },
          "type": "InitializeVariable",
          "inputs": {
            "variables": [
              {
                "name": "SPsiteURL",
                "type": "string",
                "value": "https://m365x77791025.sharepoint.com/sites/GuestSync"
              }
            ]
          }
        },
        "Initialize_variable_-_HOST_org_name": {
          "runAfter": {
            "Initialize_variable_-_SP_site_URL": [
              "Succeeded"
            ]
          },
          "metadata": {
            "operationMetadataId": "09712855-cae4-4e89-a99a-09dad9d249d1"
          },
          "type": "InitializeVariable",
          "inputs": {
            "variables": [
              {
                "name": "HOST-OrgName",
                "type": "string",
                "value": "Veridian Dynamics"
              }
            ]
          }
        },
        "Initialize_variable_-_SP_GuestSyncTenants_list": {
          "runAfter": {
            "Initialize_variable_-_HOST_org_name": [
              "Succeeded"
            ]
          },
          "metadata": {
            "operationMetadataId": "661bdac7-4cdc-4456-ac56-ae1caff33882"
          },
          "type": "InitializeVariable",
          "inputs": {
            "variables": [
              {
                "name": "SPlist-GuestSyncTenants",
                "type": "string",
                "value": "GuestSyncTenants"
              }
            ]
          }
        },
        "Initialize_variable_-_SP_GuestSyncStatus_list": {
          "runAfter": {
            "Initialize_variable_-_SP_GuestSyncTenants_list": [
              "Succeeded"
            ]
          },
          "metadata": {
            "operationMetadataId": "661bdac7-4cdc-4456-ac56-ae1caff33882"
          },
          "type": "InitializeVariable",
          "inputs": {
            "variables": [
              {
                "name": "SPlist-GuestSyncStatus",
                "type": "string",
                "value": "GuestSyncStatus"
              }
            ]
          }
        }
      },
      "outputs": {}
    },
    "templateName": null
  },
  "schemaVersion": "1.0.0.0"
}