{
  "properties": {
    "connectionReferences": {
      "shared_sharepointonline": {
        "runtimeSource": "embedded",
        "connection": {},
        "api": {
          "name": "shared_sharepointonline"
        }
      }
    },
    "definition": {
      "$schema": "https://schema.management.azure.com/providers/Microsoft.Logic/schemas/2016-06-01/workflowdefinition.json#",
      "contentVersion": "1.0.0.0",
      "parameters": {
        "$connections": {
          "defaultValue": {},
          "type": "Object"
        },
        "$authentication": {
          "defaultValue": {},
          "type": "SecureObject"
        }
      },
      "triggers": {
        "manual": {
          "metadata": {
            "operationMetadataId": "fab85ccd-3cea-4710-b3be-7a7c977ae785"
          },
          "type": "Request",
          "kind": "Http",
          "inputs": {}
        }
      },
      "actions": {
        "Get_item_-_HOST_tenant_values": {
          "runAfter": {
            "Initialize_variable_-_guest_landing_site_URL": [
              "Succeeded"
            ]
          },
          "metadata": {
            "operationMetadataId": "63dd3456-cffd-49d5-a4e0-3b040927952f"
          },
          "type": "OpenApiConnection",
          "inputs": {
            "host": {
              "connectionName": "shared_sharepointonline",
              "operationId": "GetItem",
              "apiId": "/providers/Microsoft.PowerApps/apis/shared_sharepointonline"
            },
            "parameters": {
              "dataset": "@variables('SPsiteURL')",
              "table": "@variables('SPlist-GuestSyncTenants')",
              "id": 1
            },
            "authentication": "@parameters('$authentication')"
          }
        },
        "Get_items_-_SUBSIDIARY_tenant_values": {
          "runAfter": {
            "Get_item_-_HOST_tenant_values": [
              "Succeeded"
            ]
          },
          "metadata": {
            "operationMetadataId": "b2885434-9053-43d7-a9ec-d15c7443e104"
          },
          "type": "OpenApiConnection",
          "inputs": {
            "host": {
              "connectionName": "shared_sharepointonline",
              "operationId": "GetItems",
              "apiId": "/providers/Microsoft.PowerApps/apis/shared_sharepointonline"
            },
            "parameters": {
              "dataset": "@variables('SPsiteURL')",
              "table": "@variables('SPlist-GuestSyncTenants')",
              "$filter": "Title ne '@{outputs('Get_item_-_HOST_tenant_values')?['body/Title']}'"
            },
            "authentication": "@parameters('$authentication')"
          }
        },
        "Apply_to_each_SUBSIDIARY": {
          "foreach": "@outputs('Get_items_-_SUBSIDIARY_tenant_values')?['body/value']",
          "actions": {
            "HTTP_-_Get_SUBSIDIARY_security_group_members": {
              "runAfter": {},
              "metadata": {
                "operationMetadataId": "3613dc0a-8680-44c7-8cc3-adf8578e9095"
              },
              "type": "Http",
              "inputs": {
                "method": "GET",
                "uri": "https://graph.microsoft.com/v1.0/groups/@{items('Apply_to_each_SUBSIDIARY')?['SyncGroupID']}/members?$select=id,userPrincipalName,displayName,jobTitle,companyName,department",
                "authentication": {
                  "type": "ActiveDirectoryOAuth",
                  "tenant": "@items('Apply_to_each_SUBSIDIARY')?['TenantID']",
                  "audience": "https://graph.microsoft.com",
                  "clientId": "@items('Apply_to_each_SUBSIDIARY')?['ApplicationID']",
                  "secret": "@items('Apply_to_each_SUBSIDIARY')?['SecretValue']"
                }
              },
              "runtimeConfiguration": {
                "paginationPolicy": {
                  "minimumItemCount": 5000
                }
              }
            },
            "Parse_JSON": {
              "runAfter": {
                "HTTP_-_Get_SUBSIDIARY_security_group_members": [
                  "Succeeded"
                ]
              },
              "metadata": {
                "operationMetadataId": "5f11bdf2-1db4-48ef-ad98-006b85dc9b96"
              },
              "type": "ParseJson",
              "inputs": {
                "content": "@body('HTTP_-_Get_SUBSIDIARY_security_group_members')",
                "schema": {
                  "type": "object",
                  "properties": {
                    "@@odata.context": {
                      "type": "string"
                    },
                    "value": {
                      "type": "array",
                      "items": {
                        "type": "object",
                        "properties": {
                          "@@odata.type": {
                            "type": "string"
                          },
                          "id": {
                            "type": "string"
                          },
                          "displayName": {
                            "type": "string"
                          },
                          "companyName": {
                            "type": [
                              "string",
                              "null"
                            ]
                          },
                          "department": {
                            "type": [
                              "string",
                              "null"
                            ]
                          },
                          "jobTitle": {
                            "type": [
                              "string",
                              "null"
                            ]
                          },
                          "userPrincipalName": {
                            "type": "string"
                          }
                        },
                        "required": [
                          "@@odata.type",
                          "id",
                          "displayName",
                          "userPrincipalName"
                        ]
                      }
                    }
                  }
                }
              }
            },
            "Get_items_-_get_guest_sync_list": {
              "runAfter": {
                "Parse_JSON": [
                  "Succeeded"
                ]
              },
              "metadata": {
                "operationMetadataId": "a4fe6a4c-e128-472c-b5f9-712fa11ce652"
              },
              "type": "OpenApiConnection",
              "inputs": {
                "host": {
                  "connectionName": "shared_sharepointonline",
                  "operationId": "GetItems",
                  "apiId": "/providers/Microsoft.PowerApps/apis/shared_sharepointonline"
                },
                "parameters": {
                  "dataset": "@variables('SPsiteURL')",
                  "table": "@variables('SPlist-GuestSyncStatus')",
                  "$filter": "SyncOrg eq '@{items('Apply_to_each_SUBSIDIARY')?['Title']}'"
                },
                "authentication": "@parameters('$authentication')"
              },
              "runtimeConfiguration": {
                "paginationPolicy": {
                  "minimumItemCount": 5000
                }
              }
            },
            "Set_UPN_values_from_SP_list": {
              "runAfter": {
                "Get_items_-_get_guest_sync_list": [
                  "Succeeded"
                ]
              },
              "metadata": {
                "operationMetadataId": "468e5404-292d-4fa8-b2f8-5905c20d9127"
              },
              "type": "Select",
              "inputs": {
                "from": "@outputs('Get_items_-_get_guest_sync_list')?['body/value']",
                "select": "@item()?['Title']"
              }
            },
            "Apply_to_each": {
              "foreach": "@body('Parse_JSON')?['value']",
              "actions": {
                "Condition": {
                  "actions": {
                    "HTTP_-_Create_guest_in_HOST": {
                      "runAfter": {},
                      "metadata": {
                        "operationMetadataId": "83aa2f5c-6beb-4af5-94ac-761f5344f36c"
                      },
                      "type": "Http",
                      "inputs": {
                        "method": "POST",
                        "uri": "https://graph.microsoft.com/v1.0/invitations",
                        "body": {
                          "invitedUserEmailAddress": "@items('Apply_to_each')?['userPrincipalName']",
                          "sendInvitationMessage": false,
                          "inviteRedirectUrl": "@{variables('GuestLandingSiteURL')}",
                          "invitedUserDisplayName": "@items('Apply_to_each')?['displayName']"
                        },
                        "authentication": {
                          "type": "ActiveDirectoryOAuth",
                          "tenant": "@{outputs('Get_item_-_HOST_tenant_values')?['body/TenantID']}",
                          "audience": "https://graph.microsoft.com",
                          "clientId": "@{outputs('Get_item_-_HOST_tenant_values')?['body/ApplicationID']}",
                          "secret": "@{outputs('Get_item_-_HOST_tenant_values')?['body/SecretValue']}"
                        }
                      }
                    },
                    "Create_item_-_guest_tracking_of_properties_and_status": {
                      "runAfter": {
                        "Parse_JSON_-_created_guest_UPN": [
                          "Succeeded"
                        ]
                      },
                      "metadata": {
                        "operationMetadataId": "9ef22cfd-3240-4544-bcaa-b75499ee94eb"
                      },
                      "type": "OpenApiConnection",
                      "inputs": {
                        "host": {
                          "connectionName": "shared_sharepointonline",
                          "operationId": "PostItem",
                          "apiId": "/providers/Microsoft.PowerApps/apis/shared_sharepointonline"
                        },
                        "parameters": {
                          "dataset": "https://m365x77791025.sharepoint.com/sites/GuestSync",
                          "table": "e5368b3d-fbb9-49b0-bd40-ee9c51a5da3c",
                          "item/Title": "@items('Apply_to_each')?['userPrincipalName']",
                          "item/GuestUPN": "@body('Parse_JSON_-_created_guest_UPN')?['userPrincipalName']",
                          "item/ExternalUserID": "@items('Apply_to_each')?['id']",
                          "item/GuestID": "@body('Parse_JSON_-_created_guest_details')?['invitedUser']?['id']",
                          "item/DisplayName": "@items('Apply_to_each')?['displayName']",
                          "item/JobTitle": "@items('Apply_to_each')?['jobTitle']",
                          "item/Department": "@items('Apply_to_each')?['department']",
                          "item/Company": "@items('Apply_to_each')?['companyName']",
                          "item/Status": "Pending Redemption",
                          "item/SyncOrg": "@items('Apply_to_each_SUBSIDIARY')?['Title']",
                          "item/InvitedDate": "@utcNow()"
                        },
                        "authentication": "@parameters('$authentication')"
                      }
                    },
                    "Parse_JSON_-_created_guest_details": {
                      "runAfter": {
                        "HTTP_-_Create_guest_in_HOST": [
                          "Succeeded"
                        ]
                      },
                      "metadata": {
                        "operationMetadataId": "b031142f-a71f-4e44-9ae0-cf202b8875aa"
                      },
                      "type": "ParseJson",
                      "inputs": {
                        "content": "@body('HTTP_-_Create_guest_in_HOST')",
                        "schema": {
                          "type": "object",
                          "properties": {
                            "@@odata.context": {
                              "type": "string"
                            },
                            "id": {
                              "type": "string"
                            },
                            "inviteRedeemUrl": {
                              "type": "string"
                            },
                            "invitedUserDisplayName": {
                              "type": "string"
                            },
                            "invitedUserEmailAddress": {
                              "type": "string"
                            },
                            "sendInvitationMessage": {
                              "type": "boolean"
                            },
                            "invitedUserMessageInfo": {
                              "type": "object",
                              "properties": {
                                "messageLanguage": {},
                                "ccRecipients": {
                                  "type": "array",
                                  "items": {
                                    "type": "object",
                                    "properties": {
                                      "emailAddress": {
                                        "type": "object",
                                        "properties": {
                                          "name": {},
                                          "address": {}
                                        }
                                      }
                                    },
                                    "required": [
                                      "emailAddress"
                                    ]
                                  }
                                },
                                "customizedMessageBody": {}
                              }
                            },
                            "inviteRedirectUrl": {
                              "type": "string"
                            },
                            "status": {
                              "type": "string"
                            },
                            "invitedUser": {
                              "type": "object",
                              "properties": {
                                "id": {
                                  "type": "string"
                                }
                              }
                            }
                          }
                        }
                      }
                    },
                    "HTTP_-_Get_created_guest_UPN": {
                      "runAfter": {
                        "Delay_-_cool_down_because_sometimes_AAD_needs_to_catch_up": [
                          "Succeeded"
                        ]
                      },
                      "metadata": {
                        "operationMetadataId": "83aa2f5c-6beb-4af5-94ac-761f5344f36c"
                      },
                      "type": "Http",
                      "inputs": {
                        "method": "GET",
                        "uri": "https://graph.microsoft.com/v1.0/users/@{body('Parse_JSON_-_created_guest_details')?['invitedUser']?['id']}",
                        "authentication": {
                          "type": "ActiveDirectoryOAuth",
                          "tenant": "@{outputs('Get_item_-_HOST_tenant_values')?['body/TenantID']}",
                          "audience": "https://graph.microsoft.com",
                          "clientId": "@{outputs('Get_item_-_HOST_tenant_values')?['body/ApplicationID']}",
                          "secret": "@{outputs('Get_item_-_HOST_tenant_values')?['body/SecretValue']}"
                        }
                      }
                    },
                    "Parse_JSON_-_created_guest_UPN": {
                      "runAfter": {
                        "HTTP_-_Get_created_guest_UPN": [
                          "Succeeded"
                        ]
                      },
                      "metadata": {
                        "operationMetadataId": "84b81914-b0d2-4c20-93f8-3822a5eefa94"
                      },
                      "type": "ParseJson",
                      "inputs": {
                        "content": "@body('HTTP_-_Get_created_guest_UPN')",
                        "schema": {
                          "type": "object",
                          "properties": {
                            "@@odata.context": {
                              "type": "string"
                            },
                            "userPrincipalName": {
                              "type": "string"
                            }
                          }
                        }
                      }
                    },
                    "HTTP_-_update_guest_with_job_title,_department,_company": {
                      "runAfter": {
                        "Create_item_-_guest_tracking_of_properties_and_status": [
                          "Succeeded"
                        ]
                      },
                      "metadata": {
                        "operationMetadataId": "83aa2f5c-6beb-4af5-94ac-761f5344f36c"
                      },
                      "type": "Http",
                      "inputs": {
                        "method": "PATCH",
                        "uri": "https://graph.microsoft.com/v1.0/users/@{body('Parse_JSON_-_created_guest_details')?['invitedUser']?['id']}",
                        "body": {
                          "jobTitle": "@items('Apply_to_each')?['jobTitle']",
                          "companyName": "@items('Apply_to_each')?['companyName']",
                          "department": "@items('Apply_to_each')?['department']"
                        },
                        "authentication": {
                          "type": "ActiveDirectoryOAuth",
                          "tenant": "@{outputs('Get_item_-_HOST_tenant_values')?['body/TenantID']}",
                          "audience": "https://graph.microsoft.com",
                          "clientId": "@{outputs('Get_item_-_HOST_tenant_values')?['body/ApplicationID']}",
                          "secret": "@{outputs('Get_item_-_HOST_tenant_values')?['body/SecretValue']}"
                        }
                      }
                    },
                    "HTTP_-_Get_SUBSIDIARY_user_profile_photo": {
                      "runAfter": {
                        "HTTP_-_update_guest_with_job_title,_department,_company": [
                          "Succeeded"
                        ]
                      },
                      "metadata": {
                        "operationMetadataId": "3613dc0a-8680-44c7-8cc3-adf8578e9095"
                      },
                      "type": "Http",
                      "inputs": {
                        "method": "GET",
                        "uri": "https://graph.microsoft.com/v1.0/users/@{items('Apply_to_each')?['id']}/photo/$value",
                        "authentication": {
                          "type": "ActiveDirectoryOAuth",
                          "tenant": "@items('Apply_to_each_SUBSIDIARY')?['TenantID']",
                          "audience": "https://graph.microsoft.com",
                          "clientId": "@items('Apply_to_each_SUBSIDIARY')?['ApplicationID']",
                          "secret": "@items('Apply_to_each_SUBSIDIARY')?['SecretValue']"
                        }
                      }
                    },
                    "Condition_-_update_record_if_they_have_a_photo": {
                      "actions": {
                        "Update_item_-_record_that_there_is_a_profile_photo_to_be_used_in_other_flow": {
                          "runAfter": {},
                          "metadata": {
                            "operationMetadataId": "d09317e0-a45e-4688-a72e-84e9bf4392d8"
                          },
                          "type": "OpenApiConnection",
                          "inputs": {
                            "host": {
                              "connectionName": "shared_sharepointonline",
                              "operationId": "PatchItem",
                              "apiId": "/providers/Microsoft.PowerApps/apis/shared_sharepointonline"
                            },
                            "parameters": {
                              "dataset": "https://m365x77791025.sharepoint.com/sites/GuestSync",
                              "table": "e5368b3d-fbb9-49b0-bd40-ee9c51a5da3c",
                              "id": "@outputs('Create_item_-_guest_tracking_of_properties_and_status')?['body/ID']",
                              "item/Title": "@outputs('Create_item_-_guest_tracking_of_properties_and_status')?['body/Title']",
                              "item/ProfilePhoto": true
                            },
                            "authentication": "@parameters('$authentication')"
                          }
                        }
                      },
                      "runAfter": {
                        "HTTP_-_Get_SUBSIDIARY_user_profile_photo": [
                          "Succeeded",
                          "Failed"
                        ]
                      },
                      "expression": {
                        "equals": [
                          "@outputs('HTTP_-_Get_SUBSIDIARY_user_profile_photo')['statusCode']",
                          200
                        ]
                      },
                      "metadata": {
                        "operationMetadataId": "ffa781a4-e533-4cbf-8e07-8fab0dbba984"
                      },
                      "type": "If"
                    },
                    "Delay_-_cool_down_because_sometimes_AAD_needs_to_catch_up": {
                      "runAfter": {
                        "Parse_JSON_-_created_guest_details": [
                          "Succeeded"
                        ]
                      },
                      "metadata": {
                        "operationMetadataId": "9fa1c765-3a53-472f-85cb-379cb38f940d"
                      },
                      "type": "Wait",
                      "inputs": {
                        "interval": {
                          "count": 5,
                          "unit": "Second"
                        }
                      }
                    }
                  },
                  "runAfter": {},
                  "expression": {
                    "not": {
                      "contains": [
                        "@body('Set_UPN_values_from_SP_list')",
                        "@items('Apply_to_each')?['userPrincipalName']"
                      ]
                    }
                  },
                  "metadata": {
                    "operationMetadataId": "94c30855-dd6c-4f8c-a24c-65cddb38b860"
                  },
                  "type": "If"
                }
              },
              "runAfter": {
                "Set_UPN_values_from_SP_list": [
                  "Succeeded"
                ]
              },
              "metadata": {
                "operationMetadataId": "6a4c0f1a-017e-420d-a436-eb8751e56237"
              },
              "type": "Foreach"
            }
          },
          "runAfter": {
            "Get_items_-_SUBSIDIARY_tenant_values": [
              "Succeeded"
            ]
          },
          "metadata": {
            "operationMetadataId": "6552b9f8-1942-4ee0-908f-dc2d38836c91"
          },
          "type": "Foreach"
        },
        "Initialize_variable_-_SP_site_URL": {
          "runAfter": {},
          "metadata": {
            "operationMetadataId": "661bdac7-4cdc-4456-ac56-ae1caff33882"
          },
          "type": "InitializeVariable",
          "inputs": {
            "variables": [
              {
                "name": "SPsiteURL",
                "type": "string",
                "value": "https://m365x77791025.sharepoint.com/sites/GuestSync"
              }
            ]
          }
        },
        "Initialize_variable_-_HOST_org_name": {
          "runAfter": {
            "Initialize_variable_-_SP_site_URL": [
              "Succeeded"
            ]
          },
          "metadata": {
            "operationMetadataId": "acc93a39-9223-4f36-94bb-fd7dcdf6ad55"
          },
          "type": "InitializeVariable",
          "inputs": {
            "variables": [
              {
                "name": "HOST-OrgName",
                "type": "string",
                "value": "Veridian Dynamics"
              }
            ]
          }
        },
        "Initialize_variable_-_SP_GuestSyncTenants_list": {
          "runAfter": {
            "Initialize_variable_-_HOST_org_name": [
              "Succeeded"
            ]
          },
          "metadata": {
            "operationMetadataId": "661bdac7-4cdc-4456-ac56-ae1caff33882"
          },
          "type": "InitializeVariable",
          "inputs": {
            "variables": [
              {
                "name": "SPlist-GuestSyncTenants",
                "type": "string",
                "value": "GuestSyncTenants"
              }
            ]
          }
        },
        "Initialize_variable_-_SP_GuestSyncStatus_list": {
          "runAfter": {
            "Initialize_variable_-_SP_GuestSyncTenants_list": [
              "Succeeded"
            ]
          },
          "metadata": {
            "operationMetadataId": "661bdac7-4cdc-4456-ac56-ae1caff33882"
          },
          "type": "InitializeVariable",
          "inputs": {
            "variables": [
              {
                "name": "SPlist-GuestSyncStatus",
                "type": "string",
                "value": "GuestSyncStatus"
              }
            ]
          }
        },
        "Initialize_variable_-_guest_landing_site_URL": {
          "runAfter": {
            "Initialize_variable_-_SP_GuestSyncStatus_list": [
              "Succeeded"
            ]
          },
          "metadata": {
            "operationMetadataId": "8bae790a-019c-4fb7-b4f5-02056140f96a"
          },
          "type": "InitializeVariable",
          "inputs": {
            "variables": [
              {
                "name": "GuestLandingSiteURL",
                "type": "string"
              }
            ]
          }
        }
      }
    },
    "templateName": null
  },
  "schemaVersion": "1.0.0.0"
}