{
  "properties": {
    "connectionReferences": {
      "shared_sharepointonline": {
        "runtimeSource": "embedded",
        "connection": {},
        "api": {
          "name": "shared_sharepointonline"
        }
      }
    },
    "definition": {
      "$schema": "https://schema.management.azure.com/providers/Microsoft.Logic/schemas/2016-06-01/workflowdefinition.json#",
      "contentVersion": "1.0.0.0",
      "parameters": {
        "$connections": {
          "defaultValue": {},
          "type": "Object"
        },
        "$authentication": {
          "defaultValue": {},
          "type": "SecureObject"
        }
      },
      "triggers": {
        "manual": {
          "metadata": {
            "operationMetadataId": "85e83ea7-885c-46bb-b78a-e41e6dc195d7"
          },
          "type": "Request",
          "kind": "Http",
          "inputs": {}
        }
      },
      "actions": {
        "Get_item_-_HOST_tenant_values": {
          "runAfter": {
            "Initialize_variable_-_SP_GuestSyncStatus_list": [
              "Succeeded"
            ]
          },
          "metadata": {
            "operationMetadataId": "63dd3456-cffd-49d5-a4e0-3b040927952f"
          },
          "type": "OpenApiConnection",
          "inputs": {
            "host": {
              "connectionName": "shared_sharepointonline",
              "operationId": "GetItem",
              "apiId": "/providers/Microsoft.PowerApps/apis/shared_sharepointonline"
            },
            "parameters": {
              "dataset": "@variables('SPsiteURL')",
              "table": "@variables('SPlist-GuestSyncTenants')",
              "id": 1
            },
            "authentication": "@parameters('$authentication')"
          }
        },
        "Get_items_-_SUBSIDIARY_tenant_values": {
          "runAfter": {
            "Get_item_-_HOST_tenant_values": [
              "Succeeded"
            ]
          },
          "metadata": {
            "operationMetadataId": "b2885434-9053-43d7-a9ec-d15c7443e104"
          },
          "type": "OpenApiConnection",
          "inputs": {
            "host": {
              "connectionName": "shared_sharepointonline",
              "operationId": "GetItems",
              "apiId": "/providers/Microsoft.PowerApps/apis/shared_sharepointonline"
            },
            "parameters": {
              "dataset": "@variables('SPsiteURL')",
              "table": "@variables('SPlist-GuestSyncTenants')",
              "$filter": "Title ne '@{variables('HOST-OrgName')}'"
            },
            "authentication": "@parameters('$authentication')"
          }
        },
        "Apply_to_each_SUBSIDIARY": {
          "foreach": "@outputs('Get_items_-_SUBSIDIARY_tenant_values')?['body/value']",
          "actions": {
            "Get_items_-_get_guest_with_profile_photos": {
              "runAfter": {},
              "metadata": {
                "operationMetadataId": "a4fe6a4c-e128-472c-b5f9-712fa11ce652"
              },
              "type": "OpenApiConnection",
              "inputs": {
                "host": {
                  "connectionName": "shared_sharepointonline",
                  "operationId": "GetItems",
                  "apiId": "/providers/Microsoft.PowerApps/apis/shared_sharepointonline"
                },
                "parameters": {
                  "dataset": "@variables('SPsiteURL')",
                  "table": "@variables('SPlist-GuestSyncStatus')",
                  "$filter": "ProfilePhoto eq '1' and SyncOrg eq '@{items('Apply_to_each_SUBSIDIARY')?['Title']}'"
                },
                "authentication": "@parameters('$authentication')"
              },
              "runtimeConfiguration": {
                "paginationPolicy": {
                  "minimumItemCount": 5000
                }
              }
            },
            "Apply_to_each": {
              "foreach": "@outputs('Get_items_-_get_guest_with_profile_photos')?['body/value']",
              "actions": {
                "HTTP_-_Get_SUBSIDIARY_user_profile_photo": {
                  "runAfter": {},
                  "metadata": {
                    "operationMetadataId": "3613dc0a-8680-44c7-8cc3-adf8578e9095"
                  },
                  "type": "Http",
                  "inputs": {
                    "method": "GET",
                    "uri": "https://graph.microsoft.com/v1.0/users/@{items('Apply_to_each')?['ExternalUserID']}/photo/$value",
                    "authentication": {
                      "type": "ActiveDirectoryOAuth",
                      "tenant": "@items('Apply_to_each_SUBSIDIARY')?['TenantID']",
                      "audience": "https://graph.microsoft.com",
                      "clientId": "@items('Apply_to_each_SUBSIDIARY')?['ApplicationID']",
                      "secret": "@items('Apply_to_each_SUBSIDIARY')?['SecretValue']"
                    }
                  }
                },
                "HTTP_-_update_guest_profile_photo_of_HOST_guest_account": {
                  "runAfter": {
                    "HTTP_-_Get_SUBSIDIARY_user_profile_photo": [
                      "Succeeded"
                    ]
                  },
                  "metadata": {
                    "operationMetadataId": "83aa2f5c-6beb-4af5-94ac-761f5344f36c"
                  },
                  "type": "Http",
                  "inputs": {
                    "method": "PUT",
                    "uri": "https://graph.microsoft.com/beta/users/@{items('Apply_to_each')?['GuestID']}/photo/$value",
                    "body": "@body('HTTP_-_Get_SUBSIDIARY_user_profile_photo')",
                    "authentication": {
                      "type": "ActiveDirectoryOAuth",
                      "tenant": "@{outputs('Get_item_-_HOST_tenant_values')?['body/TenantID']}",
                      "audience": "https://graph.microsoft.com",
                      "clientId": "@{outputs('Get_item_-_HOST_tenant_values')?['body/ApplicationID']}",
                      "secret": "@{outputs('Get_item_-_HOST_tenant_values')?['body/SecretValue']}"
                    }
                  },
                  "operationOptions": "SuppressWorkflowHeaders"
                }
              },
              "runAfter": {
                "Get_items_-_get_guest_with_profile_photos": [
                  "Succeeded"
                ]
              },
              "metadata": {
                "operationMetadataId": "ef8d7151-a03b-4354-8a6a-fa207824526d"
              },
              "type": "Foreach"
            }
          },
          "runAfter": {
            "Get_items_-_SUBSIDIARY_tenant_values": [
              "Succeeded"
            ]
          },
          "metadata": {
            "operationMetadataId": "8faf3e60-15b6-481d-8813-5aadf1affbb1"
          },
          "type": "Foreach"
        },
        "Initialize_variable_-_SP_site_URL": {
          "runAfter": {},
          "metadata": {
            "operationMetadataId": "661bdac7-4cdc-4456-ac56-ae1caff33882"
          },
          "type": "InitializeVariable",
          "inputs": {
            "variables": [
              {
                "name": "SPsiteURL",
                "type": "string",
                "value": "https://m365x77791025.sharepoint.com/sites/GuestSync"
              }
            ]
          }
        },
        "Initialize_variable_-_SP_GuestSyncStatus_list": {
          "runAfter": {
            "Initialize_variable_-_SP_GuestSyncTenants_list": [
              "Succeeded"
            ]
          },
          "metadata": {
            "operationMetadataId": "661bdac7-4cdc-4456-ac56-ae1caff33882"
          },
          "type": "InitializeVariable",
          "inputs": {
            "variables": [
              {
                "name": "SPlist-GuestSyncStatus",
                "type": "string",
                "value": "GuestSyncStatus"
              }
            ]
          }
        },
        "Initialize_variable_-_SP_GuestSyncTenants_list": {
          "runAfter": {
            "Initialize_variable_-_HOST_org_name": [
              "Succeeded"
            ]
          },
          "metadata": {
            "operationMetadataId": "661bdac7-4cdc-4456-ac56-ae1caff33882"
          },
          "type": "InitializeVariable",
          "inputs": {
            "variables": [
              {
                "name": "SPlist-GuestSyncTenants",
                "type": "string",
                "value": "GuestSyncTenants"
              }
            ]
          }
        },
        "Initialize_variable_-_HOST_org_name": {
          "runAfter": {
            "Initialize_variable_-_SP_site_URL": [
              "Succeeded"
            ]
          },
          "metadata": {
            "operationMetadataId": "e7312749-38b1-469d-8611-25251aed0039"
          },
          "type": "InitializeVariable",
          "inputs": {
            "variables": [
              {
                "name": "HOST-OrgName",
                "type": "string",
                "value": "Veridian Dynamics"
              }
            ]
          }
        }
      },
      "outputs": {}
    },
    "templateName": null
  },
  "schemaVersion": "1.0.0.0"
}