{
  "properties": {
    "connectionReferences": {
      "shared_sharepointonline": {
        "runtimeSource": "embedded",
        "connection": {},
        "api": {
          "name": "shared_sharepointonline"
        }
      }
    },
    "definition": {
      "$schema": "https://schema.management.azure.com/providers/Microsoft.Logic/schemas/2016-06-01/workflowdefinition.json#",
      "contentVersion": "1.0.0.0",
      "parameters": {
        "$connections": {
          "defaultValue": {},
          "type": "Object"
        },
        "$authentication": {
          "defaultValue": {},
          "type": "SecureObject"
        }
      },
      "triggers": {
        "manual": {
          "metadata": {
            "operationMetadataId": "c15ad7d3-607f-4200-a313-59db0ef77527"
          },
          "type": "Request",
          "kind": "Http",
          "inputs": {}
        }
      },
      "actions": {
        "Get_item_-_HOST_tenant_values": {
          "runAfter": {
            "Initialize_variable_-_SP_GuestSyncStatus_list": [
              "Succeeded"
            ]
          },
          "metadata": {
            "operationMetadataId": "63dd3456-cffd-49d5-a4e0-3b040927952f"
          },
          "type": "OpenApiConnection",
          "inputs": {
            "host": {
              "connectionName": "shared_sharepointonline",
              "operationId": "GetItem",
              "apiId": "/providers/Microsoft.PowerApps/apis/shared_sharepointonline"
            },
            "parameters": {
              "dataset": "@variables('SPsiteURL')",
              "table": "@variables('SPlist-GuestSyncTenants')",
              "id": 1
            },
            "authentication": "@parameters('$authentication')"
          }
        },
        "Get_items_-_SUBSIDIARY_tenant_values": {
          "runAfter": {
            "Get_item_-_HOST_tenant_values": [
              "Succeeded"
            ]
          },
          "metadata": {
            "operationMetadataId": "b2885434-9053-43d7-a9ec-d15c7443e104"
          },
          "type": "OpenApiConnection",
          "inputs": {
            "host": {
              "connectionName": "shared_sharepointonline",
              "operationId": "GetItems",
              "apiId": "/providers/Microsoft.PowerApps/apis/shared_sharepointonline"
            },
            "parameters": {
              "dataset": "@variables('SPsiteURL')",
              "table": "@variables('SPlist-GuestSyncTenants')",
              "$filter": "Title ne '@{variables('HOST-OrgName')}'"
            },
            "authentication": "@parameters('$authentication')"
          }
        },
        "Apply_to_each_SUBSIDIARY": {
          "foreach": "@outputs('Get_items_-_SUBSIDIARY_tenant_values')?['body/value']",
          "actions": {
            "HTTP_-_Get_SUBSIDIARY_security_group_members": {
              "runAfter": {},
              "metadata": {
                "operationMetadataId": "3613dc0a-8680-44c7-8cc3-adf8578e9095"
              },
              "type": "Http",
              "inputs": {
                "method": "GET",
                "uri": "https://graph.microsoft.com/v1.0/groups/@{items('Apply_to_each_SUBSIDIARY')?['SyncGroupID']}/members",
                "authentication": {
                  "type": "ActiveDirectoryOAuth",
                  "tenant": "@items('Apply_to_each_SUBSIDIARY')?['TenantID']",
                  "audience": "https://graph.microsoft.com",
                  "clientId": "@items('Apply_to_each_SUBSIDIARY')?['ApplicationID']",
                  "secret": "@items('Apply_to_each_SUBSIDIARY')?['SecretValue']"
                }
              },
              "runtimeConfiguration": {
                "paginationPolicy": {
                  "minimumItemCount": 5000
                }
              }
            },
            "Parse_JSON": {
              "runAfter": {
                "HTTP_-_Get_SUBSIDIARY_security_group_members": [
                  "Succeeded"
                ]
              },
              "metadata": {
                "operationMetadataId": "5f11bdf2-1db4-48ef-ad98-006b85dc9b96"
              },
              "type": "ParseJson",
              "inputs": {
                "content": "@body('HTTP_-_Get_SUBSIDIARY_security_group_members')",
                "schema": {
                  "type": "object",
                  "properties": {
                    "@@odata.context": {
                      "type": "string"
                    },
                    "value": {
                      "type": "array",
                      "items": {
                        "type": "object",
                        "properties": {
                          "@@odata.type": {
                            "type": "string"
                          },
                          "id": {
                            "type": "string"
                          },
                          "displayName": {
                            "type": "string"
                          },
                          "jobTitle": {
                            "type": [
                              "string",
                              "null"
                            ]
                          },
                          "userPrincipalName": {
                            "type": "string"
                          }
                        },
                        "required": [
                          "@@odata.type",
                          "id",
                          "displayName",
                          "userPrincipalName"
                        ]
                      }
                    }
                  }
                }
              }
            },
            "Get_items_-_get_guest_sync_list": {
              "runAfter": {
                "Parse_JSON": [
                  "Succeeded"
                ]
              },
              "metadata": {
                "operationMetadataId": "a4fe6a4c-e128-472c-b5f9-712fa11ce652"
              },
              "type": "OpenApiConnection",
              "inputs": {
                "host": {
                  "connectionName": "shared_sharepointonline",
                  "operationId": "GetItems",
                  "apiId": "/providers/Microsoft.PowerApps/apis/shared_sharepointonline"
                },
                "parameters": {
                  "dataset": "@variables('SPsiteURL')",
                  "table": "@variables('SPlist-GuestSyncStatus')",
                  "$filter": "Status ne 'Deleted' and SyncOrg eq '@{items('Apply_to_each_SUBSIDIARY')?['Title']}'"
                },
                "authentication": "@parameters('$authentication')"
              },
              "runtimeConfiguration": {
                "paginationPolicy": {
                  "minimumItemCount": 5000
                }
              }
            },
            "Set_UPN_values_from_SP_list": {
              "runAfter": {
                "Get_items_-_get_guest_sync_list": [
                  "Succeeded"
                ]
              },
              "metadata": {
                "operationMetadataId": "468e5404-292d-4fa8-b2f8-5905c20d9127"
              },
              "type": "Select",
              "inputs": {
                "from": "@outputs('Get_items_-_get_guest_sync_list')?['body/value']",
                "select": "@item()?['Title']"
              }
            },
            "Set_UPN_values_from_SUBSIDIARY_security_group_membership": {
              "runAfter": {
                "Set_UPN_values_from_SP_list": [
                  "Succeeded"
                ]
              },
              "metadata": {
                "operationMetadataId": "468e5404-292d-4fa8-b2f8-5905c20d9127"
              },
              "type": "Select",
              "inputs": {
                "from": "@body('Parse_JSON')?['value']",
                "select": "@item()?['userPrincipalName']"
              }
            },
            "Apply_to_each": {
              "foreach": "@body('Set_UPN_values_from_SP_list')",
              "actions": {
                "Condition": {
                  "actions": {
                    "Get_items_-_guest_to_be_deleted": {
                      "runAfter": {},
                      "metadata": {
                        "operationMetadataId": "7d566a58-ee65-4a20-929b-8efaf7b37648"
                      },
                      "type": "OpenApiConnection",
                      "inputs": {
                        "host": {
                          "connectionName": "shared_sharepointonline",
                          "operationId": "GetItems",
                          "apiId": "/providers/Microsoft.PowerApps/apis/shared_sharepointonline"
                        },
                        "parameters": {
                          "dataset": "@variables('SPsiteURL')",
                          "table": "@variables('SPlist-GuestSyncStatus')",
                          "$filter": "Title eq '@{items('Apply_to_each')}'"
                        },
                        "authentication": "@parameters('$authentication')"
                      }
                    },
                    "Compose_-_guest_to_be_deleted_values_from_SP_list": {
                      "runAfter": {
                        "Get_items_-_guest_to_be_deleted": [
                          "Succeeded"
                        ]
                      },
                      "metadata": {
                        "operationMetadataId": "6f145eac-3393-4d88-adc2-2c30b72df59c"
                      },
                      "type": "Compose",
                      "inputs": "@outputs('Get_items_-_guest_to_be_deleted')?['body/value']"
                    },
                    "Select_-_GuestID_from_SP_list": {
                      "runAfter": {
                        "Compose_-_guest_to_be_deleted_values_from_SP_list": [
                          "Succeeded"
                        ]
                      },
                      "metadata": {
                        "operationMetadataId": "7ae01743-56bb-4b8b-8d73-a173c4d5a0f2"
                      },
                      "type": "Select",
                      "inputs": {
                        "from": "@outputs('Compose_-_guest_to_be_deleted_values_from_SP_list')",
                        "select": "@item()?['GuestID']"
                      }
                    },
                    "Select_-_guest_SP_list_ID": {
                      "runAfter": {
                        "Compose_-_clean_up_GuestID": [
                          "Succeeded"
                        ]
                      },
                      "metadata": {
                        "operationMetadataId": "66b427b1-c6bd-4b3e-a5df-0440dc37b459"
                      },
                      "type": "Select",
                      "inputs": {
                        "from": "@outputs('Compose_-_guest_to_be_deleted_values_from_SP_list')",
                        "select": "@item()?['ID']"
                      }
                    },
                    "HTTP_-_delete_guest_from_AAD": {
                      "runAfter": {
                        "Compose_-_clean_up_SP_list_ID": [
                          "Succeeded"
                        ]
                      },
                      "metadata": {
                        "operationMetadataId": "83aa2f5c-6beb-4af5-94ac-761f5344f36c"
                      },
                      "type": "Http",
                      "inputs": {
                        "method": "DELETE",
                        "uri": "https://graph.microsoft.com/v1.0/users/@{outputs('Compose_-_clean_up_GuestID')}",
                        "authentication": {
                          "type": "ActiveDirectoryOAuth",
                          "tenant": "@{outputs('Get_item_-_HOST_tenant_values')?['body/TenantID']}",
                          "audience": "https://graph.microsoft.com",
                          "clientId": "@{outputs('Get_item_-_HOST_tenant_values')?['body/ApplicationID']}",
                          "secret": "@{outputs('Get_item_-_HOST_tenant_values')?['body/SecretValue']}"
                        }
                      }
                    },
                    "Update_item_-_SP_list_item_to_reflect_deleted_guest_state": {
                      "runAfter": {
                        "HTTP_-_delete_guest_from_AAD": [
                          "Succeeded"
                        ]
                      },
                      "metadata": {
                        "operationMetadataId": "1dd7f497-6f75-40b9-b1ce-49e7b49f9977"
                      },
                      "type": "OpenApiConnection",
                      "inputs": {
                        "host": {
                          "connectionName": "shared_sharepointonline",
                          "operationId": "PatchItem",
                          "apiId": "/providers/Microsoft.PowerApps/apis/shared_sharepointonline"
                        },
                        "parameters": {
                          "dataset": "https://m365x77791025.sharepoint.com/sites/GuestSync",
                          "table": "e5368b3d-fbb9-49b0-bd40-ee9c51a5da3c",
                          "id": "@outputs('Compose_-_clean_up_SP_list_ID')",
                          "item/Title": "@items('Apply_to_each')",
                          "item/Status": "Deleted",
                          "item/DeletedDate": "@utcNow()"
                        },
                        "authentication": "@parameters('$authentication')"
                      }
                    },
                    "Compose_-_clean_up_GuestID": {
                      "runAfter": {
                        "Select_-_GuestID_from_SP_list": [
                          "Succeeded"
                        ]
                      },
                      "metadata": {
                        "operationMetadataId": "612c8054-cd93-4553-b97f-7905bbdcadf7"
                      },
                      "type": "Compose",
                      "inputs": "@first(body('Select_-_GuestID_from_SP_list'))"
                    },
                    "Compose_-_clean_up_SP_list_ID": {
                      "runAfter": {
                        "Select_-_guest_SP_list_ID": [
                          "Succeeded"
                        ]
                      },
                      "metadata": {
                        "operationMetadataId": "86ca95f4-5866-4b3f-a243-e324f8d8dcbb"
                      },
                      "type": "Compose",
                      "inputs": "@first(body('Select_-_guest_SP_list_ID'))"
                    }
                  },
                  "runAfter": {},
                  "expression": {
                    "not": {
                      "contains": [
                        "@body('Set_UPN_values_from_SUBSIDIARY_security_group_membership')",
                        "@items('Apply_to_each')"
                      ]
                    }
                  },
                  "metadata": {
                    "operationMetadataId": "78379ec8-9ff4-467d-9b58-0da9b60690a2"
                  },
                  "type": "If"
                }
              },
              "runAfter": {
                "Set_UPN_values_from_SUBSIDIARY_security_group_membership": [
                  "Succeeded"
                ]
              },
              "metadata": {
                "operationMetadataId": "906bf3e6-863c-47a0-b950-66934c13771c"
              },
              "type": "Foreach"
            }
          },
          "runAfter": {
            "Get_items_-_SUBSIDIARY_tenant_values": [
              "Succeeded"
            ]
          },
          "metadata": {
            "operationMetadataId": "2bfb5cd8-a44c-4afb-8c61-4ce1e417dd55"
          },
          "type": "Foreach"
        },
        "Initialize_variable_-_SP_site_URL": {
          "runAfter": {},
          "metadata": {
            "operationMetadataId": "661bdac7-4cdc-4456-ac56-ae1caff33882"
          },
          "type": "InitializeVariable",
          "inputs": {
            "variables": [
              {
                "name": "SPsiteURL",
                "type": "string",
                "value": "https://m365x77791025.sharepoint.com/sites/GuestSync"
              }
            ]
          }
        },
        "Initialize_variable_-_HOST_org_name": {
          "runAfter": {
            "Initialize_variable_-_SP_site_URL": [
              "Succeeded"
            ]
          },
          "metadata": {
            "operationMetadataId": "f5fa5a1b-dd14-4ef7-ae8e-92b4581f48bd"
          },
          "type": "InitializeVariable",
          "inputs": {
            "variables": [
              {
                "name": "HOST-OrgName",
                "type": "string",
                "value": "Veridian Dynamics"
              }
            ]
          }
        },
        "Initialize_variable_-_SP_GuestSyncTenants_list": {
          "runAfter": {
            "Initialize_variable_-_HOST_org_name": [
              "Succeeded"
            ]
          },
          "metadata": {
            "operationMetadataId": "661bdac7-4cdc-4456-ac56-ae1caff33882"
          },
          "type": "InitializeVariable",
          "inputs": {
            "variables": [
              {
                "name": "SPlist-GuestSyncTenants",
                "type": "string",
                "value": "GuestSyncTenants"
              }
            ]
          }
        },
        "Initialize_variable_-_SP_GuestSyncStatus_list": {
          "runAfter": {
            "Initialize_variable_-_SP_GuestSyncTenants_list": [
              "Succeeded"
            ]
          },
          "metadata": {
            "operationMetadataId": "661bdac7-4cdc-4456-ac56-ae1caff33882"
          },
          "type": "InitializeVariable",
          "inputs": {
            "variables": [
              {
                "name": "SPlist-GuestSyncStatus",
                "type": "string",
                "value": "GuestSyncStatus"
              }
            ]
          }
        }
      },
      "outputs": {}
    },
    "templateName": null
  },
  "schemaVersion": "1.0.0.0"
}