{
  "properties": {
    "connectionReferences": {
      "shared_sharepointonline": {
        "runtimeSource": "embedded",
        "connection": {},
        "api": {
          "name": "shared_sharepointonline"
        }
      }
    },
    "definition": {
      "$schema": "https://schema.management.azure.com/providers/Microsoft.Logic/schemas/2016-06-01/workflowdefinition.json#",
      "contentVersion": "1.0.0.0",
      "parameters": {
        "$connections": {
          "defaultValue": {},
          "type": "Object"
        },
        "$authentication": {
          "defaultValue": {},
          "type": "SecureObject"
        }
      },
      "triggers": {
        "manual": {
          "metadata": {
            "operationMetadataId": "2a766770-1d35-429b-9dd3-02c9f4b841a0"
          },
          "type": "Request",
          "kind": "Http",
          "inputs": {}
        }
      },
      "actions": {
        "Get_items_-_get_guest_sync_list": {
          "runAfter": {
            "Get_item_-_HOST_tenant_values": [
              "Succeeded"
            ]
          },
          "metadata": {
            "operationMetadataId": "a4fe6a4c-e128-472c-b5f9-712fa11ce652"
          },
          "type": "OpenApiConnection",
          "inputs": {
            "host": {
              "connectionName": "shared_sharepointonline",
              "operationId": "GetItems",
              "apiId": "/providers/Microsoft.PowerApps/apis/shared_sharepointonline"
            },
            "parameters": {
              "dataset": "@variables('SPsiteURL')",
              "table": "@variables('SPlist-GuestSyncStatus')",
              "$filter": "Status eq 'Pending Redemption'"
            },
            "authentication": "@parameters('$authentication')"
          },
          "runtimeConfiguration": {
            "paginationPolicy": {
              "minimumItemCount": 5000
            }
          }
        },
        "Apply_to_each": {
          "foreach": "@outputs('Get_items_-_get_guest_sync_list')?['body/value']",
          "actions": {
            "HTTP_-_Check_status_of_pending_guests": {
              "runAfter": {},
              "metadata": {
                "operationMetadataId": "83aa2f5c-6beb-4af5-94ac-761f5344f36c"
              },
              "type": "Http",
              "inputs": {
                "method": "GET",
                "uri": "https://graph.microsoft.com/v1.0/users/@{items('Apply_to_each')?['GuestID']}?$select=id,externalUserState,externalUserStateChangeDateTime",
                "authentication": {
                  "type": "ActiveDirectoryOAuth",
                  "tenant": "@{outputs('Get_item_-_HOST_tenant_values')?['body/TenantID']}",
                  "audience": "https://graph.microsoft.com",
                  "clientId": "@{outputs('Get_item_-_HOST_tenant_values')?['body/ApplicationID']}",
                  "secret": "@{outputs('Get_item_-_HOST_tenant_values')?['body/SecretValue']}"
                }
              }
            },
            "Parse_JSON": {
              "runAfter": {
                "HTTP_-_Check_status_of_pending_guests": [
                  "Succeeded"
                ]
              },
              "metadata": {
                "operationMetadataId": "2c3707d8-bb47-496b-a25a-0ce52d3f21a4"
              },
              "type": "ParseJson",
              "inputs": {
                "content": "@body('HTTP_-_Check_status_of_pending_guests')",
                "schema": {
                  "type": "object",
                  "properties": {
                    "@@odata.context": {
                      "type": "string"
                    },
                    "id": {
                      "type": "string"
                    },
                    "externalUserState": {
                      "type": "string"
                    },
                    "externalUserStateChangeDateTime": {
                      "type": "string"
                    }
                  }
                }
              }
            },
            "Condition": {
              "actions": {
                "Update_item_-_status_of_guest_to_say_\"Redeemed\"": {
                  "runAfter": {},
                  "metadata": {
                    "operationMetadataId": "6699dc23-4934-4f81-ae52-994e9c4a1002"
                  },
                  "type": "OpenApiConnection",
                  "inputs": {
                    "host": {
                      "connectionName": "shared_sharepointonline",
                      "operationId": "PatchItem",
                      "apiId": "/providers/Microsoft.PowerApps/apis/shared_sharepointonline"
                    },
                    "parameters": {
                      "dataset": "https://m365x77791025.sharepoint.com/sites/GuestSync",
                      "table": "e5368b3d-fbb9-49b0-bd40-ee9c51a5da3c",
                      "id": "@items('Apply_to_each')?['ID']",
                      "item/Title": "@items('Apply_to_each')?['Title']",
                      "item/Status": "Redeemed",
                      "item/RedeemedDate": "@body('Parse_JSON')?['externalUserStateChangeDateTime']"
                    },
                    "authentication": "@parameters('$authentication')"
                  }
                }
              },
              "runAfter": {
                "Parse_JSON": [
                  "Succeeded"
                ]
              },
              "expression": {
                "equals": [
                  "@body('Parse_JSON')?['externalUserState']",
                  "Accepted"
                ]
              },
              "metadata": {
                "operationMetadataId": "0c887d0a-db04-486d-81b7-8acc9c5d0580"
              },
              "type": "If"
            }
          },
          "runAfter": {
            "Get_items_-_get_guest_sync_list": [
              "Succeeded"
            ]
          },
          "metadata": {
            "operationMetadataId": "74eb270f-4d35-4b5a-bbc8-37236780a426"
          },
          "type": "Foreach"
        },
        "Get_item_-_HOST_tenant_values": {
          "runAfter": {
            "Initialize_variable_-_SP_GuestSyncOrgStats_list": [
              "Succeeded"
            ]
          },
          "metadata": {
            "operationMetadataId": "63dd3456-cffd-49d5-a4e0-3b040927952f"
          },
          "type": "OpenApiConnection",
          "inputs": {
            "host": {
              "connectionName": "shared_sharepointonline",
              "operationId": "GetItem",
              "apiId": "/providers/Microsoft.PowerApps/apis/shared_sharepointonline"
            },
            "parameters": {
              "dataset": "@variables('SPsiteURL')",
              "table": "@variables('SPlist-GuestSyncTenants')",
              "id": 1
            },
            "authentication": "@parameters('$authentication')"
          }
        },
        "Get_items_-_guests_sync_status": {
          "runAfter": {
            "Delay": [
              "Succeeded"
            ]
          },
          "metadata": {
            "operationMetadataId": "50785bc4-1757-426b-b3dd-a336b511b559"
          },
          "type": "OpenApiConnection",
          "inputs": {
            "host": {
              "connectionName": "shared_sharepointonline",
              "operationId": "GetItems",
              "apiId": "/providers/Microsoft.PowerApps/apis/shared_sharepointonline"
            },
            "parameters": {
              "dataset": "@variables('SPsiteURL')",
              "table": "@variables('SPlist-GuestSyncStatus')",
              "$filter": "Status ne 'Deleted'"
            },
            "authentication": "@parameters('$authentication')"
          },
          "runtimeConfiguration": {
            "paginationPolicy": {
              "minimumItemCount": 5000
            }
          }
        },
        "Filter_array_-_Pending_Redemption": {
          "runAfter": {
            "Get_items_-_guests_sync_status": [
              "Succeeded"
            ]
          },
          "metadata": {
            "operationMetadataId": "d2dbd34c-ea82-4b4c-90fe-80adcd342be7"
          },
          "type": "Query",
          "inputs": {
            "from": "@outputs('Get_items_-_guests_sync_status')?['body/value']",
            "where": "@equals(item()?['Status'], 'Pending Redemption')"
          }
        },
        "Filter_array_-_Redeemed": {
          "runAfter": {
            "Get_items_-_guests_sync_status": [
              "Succeeded"
            ]
          },
          "metadata": {
            "operationMetadataId": "383075a2-44cf-439e-a536-759cc941ee7d"
          },
          "type": "Query",
          "inputs": {
            "from": "@outputs('Get_items_-_guests_sync_status')?['body/value']",
            "where": "@equals(item()?['Status'], 'Redeemed')"
          }
        },
        "Compose_-_Pending_Redemption": {
          "runAfter": {
            "Filter_array_-_Pending_Redemption": [
              "Succeeded"
            ]
          },
          "metadata": {
            "operationMetadataId": "54cfff59-3560-441d-9aba-72815aa1bf34"
          },
          "type": "Compose",
          "inputs": "@length(body('Filter_array_-_Pending_Redemption'))"
        },
        "Update_item_-_Pending_Redemption": {
          "runAfter": {
            "Compose_-_Pending_Redemption": [
              "Succeeded"
            ]
          },
          "metadata": {
            "operationMetadataId": "2777eecd-9a12-4445-a9d8-80927036cdfc"
          },
          "type": "OpenApiConnection",
          "inputs": {
            "host": {
              "connectionName": "shared_sharepointonline",
              "operationId": "PatchItem",
              "apiId": "/providers/Microsoft.PowerApps/apis/shared_sharepointonline"
            },
            "parameters": {
              "dataset": "https://m365x77791025.sharepoint.com/sites/GuestSync",
              "table": "6a631df2-9fe3-4fc0-b7a9-409a08839e0f",
              "id": 1,
              "item/Title": "Pending Redemption",
              "item/Count": "@outputs('Compose_-_Pending_Redemption')"
            },
            "authentication": "@parameters('$authentication')"
          }
        },
        "Compose_-_Redeemed": {
          "runAfter": {
            "Filter_array_-_Redeemed": [
              "Succeeded"
            ]
          },
          "metadata": {
            "operationMetadataId": "845e1545-b54e-4976-87d4-5d633e5c8a05"
          },
          "type": "Compose",
          "inputs": "@length(body('Filter_array_-_Redeemed'))"
        },
        "Update_item_-_Redeemed": {
          "runAfter": {
            "Compose_-_Redeemed": [
              "Succeeded"
            ]
          },
          "metadata": {
            "operationMetadataId": "716f02ff-1127-4673-8a95-ebb5cd31a435"
          },
          "type": "OpenApiConnection",
          "inputs": {
            "host": {
              "connectionName": "shared_sharepointonline",
              "operationId": "PatchItem",
              "apiId": "/providers/Microsoft.PowerApps/apis/shared_sharepointonline"
            },
            "parameters": {
              "dataset": "https://m365x77791025.sharepoint.com/sites/GuestSync",
              "table": "6a631df2-9fe3-4fc0-b7a9-409a08839e0f",
              "id": 2,
              "item/Title": "Redeemed",
              "item/Count": "@outputs('Compose_-_Redeemed')"
            },
            "authentication": "@parameters('$authentication')"
          }
        },
        "Delay": {
          "runAfter": {
            "Apply_to_each": [
              "Succeeded"
            ]
          },
          "metadata": {
            "operationMetadataId": "7042d7f8-6dae-42e7-913b-374eece83718"
          },
          "type": "Wait",
          "inputs": {
            "interval": {
              "count": 1,
              "unit": "Minute"
            }
          }
        },
        "Get_items_-_org_sync_stats": {
          "runAfter": {
            "Get_item_-_HOST_tenant_values": [
              "Succeeded"
            ]
          },
          "metadata": {
            "operationMetadataId": "10827dca-7ab3-4da4-8e80-68645cde1da5"
          },
          "type": "OpenApiConnection",
          "inputs": {
            "host": {
              "connectionName": "shared_sharepointonline",
              "operationId": "GetItems",
              "apiId": "/providers/Microsoft.PowerApps/apis/shared_sharepointonline"
            },
            "parameters": {
              "dataset": "@variables('SPsiteURL')",
              "table": "@variables('SPlist-GuestSyncOrgStats')"
            },
            "authentication": "@parameters('$authentication')"
          }
        },
        "Apply_to_each_-_delete_existing_org_sync_stats": {
          "foreach": "@outputs('Get_items_-_org_sync_stats')?['body/value']",
          "actions": {
            "Delete_item_-_org_sync_stats": {
              "runAfter": {},
              "metadata": {
                "operationMetadataId": "19074aca-cf0f-4006-8d7b-5865acc3926b"
              },
              "type": "OpenApiConnection",
              "inputs": {
                "host": {
                  "connectionName": "shared_sharepointonline",
                  "operationId": "DeleteItem",
                  "apiId": "/providers/Microsoft.PowerApps/apis/shared_sharepointonline"
                },
                "parameters": {
                  "dataset": "@variables('SPsiteURL')",
                  "table": "@variables('SPlist-GuestSyncOrgStats')",
                  "id": "@items('Apply_to_each_-_delete_existing_org_sync_stats')?['ID']"
                },
                "authentication": "@parameters('$authentication')"
              }
            }
          },
          "runAfter": {
            "Get_items_-_org_sync_stats": [
              "Succeeded"
            ]
          },
          "metadata": {
            "operationMetadataId": "ccb82b6d-d86a-4cb3-8230-aea6284f4119"
          },
          "type": "Foreach"
        },
        "Apply_to_each_-_create_item_with_status_for_each_SyncOrg": {
          "foreach": "@outputs('Get_items_-_all_guest_sync_orgs')?['body/value']",
          "actions": {
            "Get_items_-_amount_of_users_per_org": {
              "runAfter": {},
              "metadata": {
                "operationMetadataId": "083dcb13-8b8a-4f6c-8e5a-8c2775ab612d"
              },
              "type": "OpenApiConnection",
              "inputs": {
                "host": {
                  "connectionName": "shared_sharepointonline",
                  "operationId": "GetItems",
                  "apiId": "/providers/Microsoft.PowerApps/apis/shared_sharepointonline"
                },
                "parameters": {
                  "dataset": "@variables('SPsiteURL')",
                  "table": "@variables('SPlist-GuestSyncStatus')",
                  "$filter": "SyncOrg eq '@{items('Apply_to_each_-_create_item_with_status_for_each_SyncOrg')?['Title']}'  and Status ne 'Deleted'"
                },
                "authentication": "@parameters('$authentication')"
              },
              "runtimeConfiguration": {
                "paginationPolicy": {
                  "minimumItemCount": 5000
                }
              }
            },
            "Create_item_-_new_guest_org_stat_count": {
              "runAfter": {
                "Get_items_-_amount_of_users_per_org": [
                  "Succeeded"
                ]
              },
              "metadata": {
                "operationMetadataId": "9f070a05-444b-4166-abbb-8e8e6acd3849"
              },
              "type": "OpenApiConnection",
              "inputs": {
                "host": {
                  "connectionName": "shared_sharepointonline",
                  "operationId": "PostItem",
                  "apiId": "/providers/Microsoft.PowerApps/apis/shared_sharepointonline"
                },
                "parameters": {
                  "dataset": "https://m365x77791025.sharepoint.com/sites/GuestSync",
                  "table": "4dbd90eb-f89b-4d9a-b0a5-d20053154179",
                  "item/Title": "@items('Apply_to_each_-_create_item_with_status_for_each_SyncOrg')?['Title']",
                  "item/Count": "@length(outputs('Get_items_-_amount_of_users_per_org')?['body/value'])"
                },
                "authentication": "@parameters('$authentication')"
              }
            }
          },
          "runAfter": {
            "Get_items_-_all_guest_sync_orgs": [
              "Succeeded"
            ]
          },
          "metadata": {
            "operationMetadataId": "f3abb1cc-9f57-4c52-9442-ba9e50f6bd7b"
          },
          "type": "Foreach"
        },
        "Get_items_-_all_guest_sync_orgs": {
          "runAfter": {
            "Apply_to_each_-_delete_existing_org_sync_stats": [
              "Succeeded"
            ]
          },
          "metadata": {
            "operationMetadataId": "d8b83e99-5063-4988-8372-3ac68decac1d"
          },
          "type": "OpenApiConnection",
          "inputs": {
            "host": {
              "connectionName": "shared_sharepointonline",
              "operationId": "GetItems",
              "apiId": "/providers/Microsoft.PowerApps/apis/shared_sharepointonline"
            },
            "parameters": {
              "dataset": "@variables('SPsiteURL')",
              "table": "@variables('SPlist-GuestSyncTenants')",
              "$filter": "Title ne '@{outputs('Get_item_-_HOST_tenant_values')?['body/Title']}'"
            },
            "authentication": "@parameters('$authentication')"
          }
        },
        "Initialize_variable_-_SP_site_URL": {
          "runAfter": {},
          "metadata": {
            "operationMetadataId": "661bdac7-4cdc-4456-ac56-ae1caff33882"
          },
          "type": "InitializeVariable",
          "inputs": {
            "variables": [
              {
                "name": "SPsiteURL",
                "type": "string",
                "value": "https://m365x77791025.sharepoint.com/sites/GuestSync"
              }
            ]
          }
        },
        "Initialize_variable_-_SP_GuestSyncTenants_list": {
          "runAfter": {
            "Initialize_variable_-_SP_site_URL": [
              "Succeeded"
            ]
          },
          "metadata": {
            "operationMetadataId": "661bdac7-4cdc-4456-ac56-ae1caff33882"
          },
          "type": "InitializeVariable",
          "inputs": {
            "variables": [
              {
                "name": "SPlist-GuestSyncTenants",
                "type": "string",
                "value": "GuestSyncTenants"
              }
            ]
          }
        },
        "Initialize_variable_-_SP_GuestSyncStatus_list": {
          "runAfter": {
            "Initialize_variable_-_SP_GuestSyncTenants_list": [
              "Succeeded"
            ]
          },
          "metadata": {
            "operationMetadataId": "661bdac7-4cdc-4456-ac56-ae1caff33882"
          },
          "type": "InitializeVariable",
          "inputs": {
            "variables": [
              {
                "name": "SPlist-GuestSyncStatus",
                "type": "string",
                "value": "GuestSyncStatus"
              }
            ]
          }
        },
        "Initialize_variable_-_SP_GuestSyncOrgStats_list": {
          "runAfter": {
            "Initialize_variable_-_SP_GuestSyncStatus_list": [
              "Succeeded"
            ]
          },
          "metadata": {
            "operationMetadataId": "661bdac7-4cdc-4456-ac56-ae1caff33882"
          },
          "type": "InitializeVariable",
          "inputs": {
            "variables": [
              {
                "name": "SPlist-GuestSyncOrgStats",
                "type": "string",
                "value": "GuestSyncOrgStats"
              }
            ]
          }
        }
      }
    },
    "templateName": null
  },
  "schemaVersion": "1.0.0.0"
}