{
  "properties": {
    "connectionReferences": {
      "shared_sharepointonline_1": {
        "runtimeSource": "invoker",
        "connection": {},
        "api": {
          "name": "shared_sharepointonline"
        }
      },
      "shared_sharepointonline": {
        "runtimeSource": "invoker",
        "connection": {},
        "api": {
          "name": "shared_sharepointonline"
        }
      }
    },
    "definition": {
      "$schema": "https://schema.management.azure.com/providers/Microsoft.Logic/schemas/2016-06-01/workflowdefinition.json#",
      "contentVersion": "1.0.0.0",
      "parameters": {
        "$connections": {
          "defaultValue": {},
          "type": "Object"
        },
        "$authentication": {
          "defaultValue": {},
          "type": "SecureObject"
        }
      },
      "triggers": {
        "manual": {
          "metadata": {
            "operationMetadataId": "af617274-0212-4cb9-bfc5-f8085e35b12d"
          },
          "type": "Request",
          "kind": "Button",
          "inputs": {
            "schema": {
              "type": "object",
              "properties": {},
              "required": []
            }
          }
        }
      },
      "actions": {
        "Initialize_variable_-_SP_site_URL": {
          "runAfter": {},
          "metadata": {
            "operationMetadataId": "661bdac7-4cdc-4456-ac56-ae1caff33882"
          },
          "type": "InitializeVariable",
          "inputs": {
            "variables": [
              {
                "name": "SPsiteURL",
                "type": "string",
                "value": "https://m365x77791025.sharepoint.com/sites/GuestSync"
              }
            ]
          }
        },
        "Initialize_variable_-_GuestSyncOrgStats_list_name": {
          "runAfter": {
            "Initialize_variable_-_SP_site_URL": [
              "Succeeded"
            ]
          },
          "metadata": {
            "operationMetadataId": "f19b7129-1870-4bd4-87dc-91b288263748"
          },
          "type": "InitializeVariable",
          "inputs": {
            "variables": [
              {
                "name": "GuestSyncOrgStats-ListName",
                "type": "string",
                "value": "GuestSyncOrgStats"
              }
            ]
          }
        },
        "GuestSyncOrgStats_-_create_list": {
          "runAfter": {
            "Initialize_variable_-_GuestSyncOrgStats_list_name": [
              "Succeeded"
            ]
          },
          "metadata": {
            "operationMetadataId": "7d6e7009-182e-4c91-8c4a-9e688858cfe6"
          },
          "type": "OpenApiConnection",
          "inputs": {
            "host": {
              "connectionName": "shared_sharepointonline_1",
              "operationId": "HttpRequest",
              "apiId": "/providers/Microsoft.PowerApps/apis/shared_sharepointonline"
            },
            "parameters": {
              "dataset": "@variables('SPsiteURL')",
              "parameters/method": "POST",
              "parameters/uri": "_api/web/lists",
              "parameters/headers": {
                "Accept": "application/json; odata=verbose",
                "Content-Type": "application/json"
              },
              "parameters/body": "{\n  \"AllowContentTypes\": false,\n  \"BaseTemplate\": 100,\n \"ContentTypesEnabled\": false,\n \"Description\": \"Tracks the number of guests per organisation\",\n \"Title\": \"@{variables('GuestSyncOrgStats-ListName')}\"\n}"
            },
            "authentication": {
              "type": "Raw",
              "value": "@json(decodeBase64(triggerOutputs().headers['X-MS-APIM-Tokens']))['$ConnectionKey']"
            }
          }
        },
        "GuestSyncOrgStats_-_create_count_column": {
          "runAfter": {
            "GuestSyncOrgStats_-_create_list": [
              "Succeeded"
            ]
          },
          "metadata": {
            "operationMetadataId": "673a7907-837b-486f-be88-04cddd179d85"
          },
          "type": "OpenApiConnection",
          "inputs": {
            "host": {
              "connectionName": "shared_sharepointonline_1",
              "operationId": "HttpRequest",
              "apiId": "/providers/Microsoft.PowerApps/apis/shared_sharepointonline"
            },
            "parameters": {
              "dataset": "@variables('SPsiteURL')",
              "parameters/method": "POST",
              "parameters/uri": "_api/web/lists/getByTitle('@{variables('GuestSyncOrgStats-ListName')}')/fields",
              "parameters/headers": {
                "content-type": "application/json; odata=verbose"
              },
              "parameters/body": "{ '__metadata': { 'type': 'SP.Field' }, \n     'FieldTypeKind': 9, \n     'Title':'Count'\n}"
            },
            "authentication": {
              "type": "Raw",
              "value": "@json(decodeBase64(triggerOutputs().headers['X-MS-APIM-Tokens']))['$ConnectionKey']"
            }
          }
        },
        "GuestSyncOrgStats_-_add_count_column_to_view": {
          "runAfter": {
            "GuestSyncOrgStats_-_create_count_column": [
              "Succeeded"
            ]
          },
          "metadata": {
            "operationMetadataId": "4ef3d0ac-a1f7-428c-8f62-7871edd119f2"
          },
          "type": "OpenApiConnection",
          "inputs": {
            "host": {
              "connectionName": "shared_sharepointonline_1",
              "operationId": "HttpRequest",
              "apiId": "/providers/Microsoft.PowerApps/apis/shared_sharepointonline"
            },
            "parameters": {
              "dataset": "@variables('SPsiteURL')",
              "parameters/method": "POST",
              "parameters/uri": "_api/web/lists/getByTitle('@{variables('GuestSyncOrgStats-ListName')}')/views/GetByTitle('All%20Items')/ViewFields/AddViewField('Count')",
              "parameters/headers": {
                "content-type": "application/json; odata=verbose"
              }
            },
            "authentication": {
              "type": "Raw",
              "value": "@json(decodeBase64(triggerOutputs().headers['X-MS-APIM-Tokens']))['$ConnectionKey']"
            }
          }
        },
        "GuestSyncOrgStats_-_rename_Title_column": {
          "runAfter": {
            "GuestSyncOrgStats_-_add_count_column_to_view": [
              "Succeeded"
            ]
          },
          "metadata": {
            "operationMetadataId": "d5b4ea80-8f3e-4a70-be60-38cfe203edbf"
          },
          "type": "OpenApiConnection",
          "inputs": {
            "host": {
              "connectionName": "shared_sharepointonline_1",
              "operationId": "HttpRequest",
              "apiId": "/providers/Microsoft.PowerApps/apis/shared_sharepointonline"
            },
            "parameters": {
              "dataset": "@variables('SPsiteURL')",
              "parameters/method": "POST",
              "parameters/uri": "_api/web/lists/getByTitle('@{variables('GuestSyncOrgStats-ListName')}')/fields/getbytitle('Title')",
              "parameters/headers": {
                "Accept": "application/json;odata=verbose",
                "Content-Type": "application/json;odata=verbose",
                "IF-MATCH": "*",
                "X-HTTP-Method": "PATCH"
              },
              "parameters/body": "{ '__metadata': { 'type': 'SP.FieldText' }, \n     'Title':'Organisation'\n}"
            },
            "authentication": {
              "type": "Raw",
              "value": "@json(decodeBase64(triggerOutputs().headers['X-MS-APIM-Tokens']))['$ConnectionKey']"
            }
          }
        },
        "Initialize_variable_-_GuestSyncTenants_list_name": {
          "runAfter": {
            "Initialize_variable_-_SP_site_URL": [
              "Succeeded"
            ]
          },
          "metadata": {
            "operationMetadataId": "ab525b0e-cd81-4d0a-a802-43a98229352b"
          },
          "type": "InitializeVariable",
          "inputs": {
            "variables": [
              {
                "name": "GuestSyncTenants-ListName",
                "type": "string",
                "value": "GuestSyncTenants"
              }
            ]
          }
        },
        "GuestSyncTenants_-_create_list": {
          "runAfter": {
            "Initialize_variable_-_GuestSyncTenants_list_name": [
              "Succeeded"
            ]
          },
          "metadata": {
            "operationMetadataId": "d5b4ea80-8f3e-4a70-be60-38cfe203edbf"
          },
          "type": "OpenApiConnection",
          "inputs": {
            "host": {
              "connectionName": "shared_sharepointonline_1",
              "operationId": "HttpRequest",
              "apiId": "/providers/Microsoft.PowerApps/apis/shared_sharepointonline"
            },
            "parameters": {
              "dataset": "@variables('SPsiteURL')",
              "parameters/method": "POST",
              "parameters/uri": "_api/web/lists",
              "parameters/headers": {
                "Accept": "application/json; odata=verbose",
                "Content-Type": "application/json"
              },
              "parameters/body": "{\n  \"AllowContentTypes\": false,\n  \"BaseTemplate\": 100,\n \"ContentTypesEnabled\": false,\n \"Description\": \"For storage of tenant information, app registration, and sync group\",\n \"Title\": \"@{variables('GuestSyncTenants-ListName')}\"\n}"
            },
            "authentication": {
              "type": "Raw",
              "value": "@json(decodeBase64(triggerOutputs().headers['X-MS-APIM-Tokens']))['$ConnectionKey']"
            }
          }
        },
        "Initialize_variable_-_GuestSyncTenants_list_columns": {
          "runAfter": {
            "GuestSyncTenants_-_create_list": [
              "Succeeded"
            ]
          },
          "metadata": {
            "operationMetadataId": "32b8d65e-29b1-40b3-8c63-47af6248175a"
          },
          "type": "InitializeVariable",
          "inputs": {
            "variables": [
              {
                "name": "GuestSyncTenants-ListColumns",
                "type": "array",
                "value": [
                  {
                    "FieldType": 2,
                    "FieldName": "TenantID"
                  },
                  {
                    "FieldType": 2,
                    "FieldName": "ApplicationID"
                  },
                  {
                    "FieldType": 2,
                    "FieldName": "SecretValue"
                  },
                  {
                    "FieldType": 2,
                    "FieldName": "SyncGroupID"
                  }
                ]
              }
            ]
          }
        },
        "Apply_to_each_-_create_GuestSyncTenants_columns_and_add_to_view": {
          "foreach": "@variables('GuestSyncTenants-ListColumns')",
          "actions": {
            "GuestSyncTenants_-_add_list_column_to_view": {
              "runAfter": {
                "GuestSyncTenants_-_create_list_column": [
                  "Succeeded"
                ]
              },
              "metadata": {
                "operationMetadataId": "1921798e-f4ab-48a4-844a-114ab4f1beb5"
              },
              "type": "OpenApiConnection",
              "inputs": {
                "host": {
                  "connectionName": "shared_sharepointonline_1",
                  "operationId": "HttpRequest",
                  "apiId": "/providers/Microsoft.PowerApps/apis/shared_sharepointonline"
                },
                "parameters": {
                  "dataset": "@variables('SPsiteURL')",
                  "parameters/method": "POST",
                  "parameters/uri": "_api/web/lists/getByTitle('@{variables('GuestSyncTenants-ListName')}')/views/GetByTitle('All%20Items')/ViewFields/AddViewField('@{outputs('Compose_-_FieldName')}')",
                  "parameters/headers": {
                    "content-type": "application/json; odata=verbose"
                  }
                },
                "authentication": {
                  "type": "Raw",
                  "value": "@json(decodeBase64(triggerOutputs().headers['X-MS-APIM-Tokens']))['$ConnectionKey']"
                }
              }
            },
            "Compose_-_FieldType": {
              "runAfter": {},
              "metadata": {
                "operationMetadataId": "7f6f2375-f18c-480f-9964-50445cd53ccf"
              },
              "type": "Compose",
              "inputs": "@items('Apply_to_each_-_create_GuestSyncTenants_columns_and_add_to_view')?['FieldType']"
            },
            "GuestSyncTenants_-_create_list_column": {
              "runAfter": {
                "Compose_-_FieldName": [
                  "Succeeded"
                ]
              },
              "metadata": {
                "operationMetadataId": "e9fab244-fb5c-4895-ad6c-6f3da92ca7a9"
              },
              "type": "OpenApiConnection",
              "inputs": {
                "host": {
                  "connectionName": "shared_sharepointonline_1",
                  "operationId": "HttpRequest",
                  "apiId": "/providers/Microsoft.PowerApps/apis/shared_sharepointonline"
                },
                "parameters": {
                  "dataset": "@variables('SPsiteURL')",
                  "parameters/method": "POST",
                  "parameters/uri": "_api/web/lists/getByTitle('@{variables('GuestSyncTenants-ListName')}')/fields",
                  "parameters/headers": {
                    "content-type": "application/json; odata=verbose"
                  },
                  "parameters/body": "{ '__metadata': { 'type': 'SP.Field' }, \n     'FieldTypeKind': @{outputs('Compose_-_FieldType')}, \n     'Title':'@{outputs('Compose_-_FieldName')}'\n}"
                },
                "authentication": {
                  "type": "Raw",
                  "value": "@json(decodeBase64(triggerOutputs().headers['X-MS-APIM-Tokens']))['$ConnectionKey']"
                }
              }
            },
            "Compose_-_FieldName": {
              "runAfter": {
                "Compose_-_FieldType": [
                  "Succeeded"
                ]
              },
              "metadata": {
                "operationMetadataId": "c32e0a3c-5c38-45c7-981d-9257f00cc058"
              },
              "type": "Compose",
              "inputs": "@items('Apply_to_each_-_create_GuestSyncTenants_columns_and_add_to_view')?['FieldName']"
            }
          },
          "runAfter": {
            "Initialize_variable_-_GuestSyncTenants_list_columns": [
              "Succeeded"
            ]
          },
          "metadata": {
            "operationMetadataId": "1a11d00a-304b-4510-aa9b-ab5731f14524"
          },
          "type": "Foreach"
        },
        "GuestSyncTenants_-_rename_Title_column": {
          "runAfter": {
            "Apply_to_each_-_create_GuestSyncTenants_columns_and_add_to_view": [
              "Succeeded"
            ]
          },
          "metadata": {
            "operationMetadataId": "d5b4ea80-8f3e-4a70-be60-38cfe203edbf"
          },
          "type": "OpenApiConnection",
          "inputs": {
            "host": {
              "connectionName": "shared_sharepointonline_1",
              "operationId": "HttpRequest",
              "apiId": "/providers/Microsoft.PowerApps/apis/shared_sharepointonline"
            },
            "parameters": {
              "dataset": "@variables('SPsiteURL')",
              "parameters/method": "POST",
              "parameters/uri": "_api/web/lists/getByTitle('@{variables('GuestSyncTenants-ListName')}')/fields/getbytitle('Title')",
              "parameters/headers": {
                "Accept": "application/json;odata=verbose",
                "Content-Type": "application/json;odata=verbose",
                "IF-MATCH": "*",
                "X-HTTP-Method": "PATCH"
              },
              "parameters/body": "{ '__metadata': { 'type': 'SP.FieldText' }, \n     'Title':'Organisation'\n}"
            },
            "authentication": {
              "type": "Raw",
              "value": "@json(decodeBase64(triggerOutputs().headers['X-MS-APIM-Tokens']))['$ConnectionKey']"
            }
          }
        },
        "Initialize_variable_-_GuestSyncStatusStats_list_name": {
          "runAfter": {
            "Initialize_variable_-_SP_site_URL": [
              "Succeeded"
            ]
          },
          "metadata": {
            "operationMetadataId": "51058205-d370-489a-b2c7-520b9b878749"
          },
          "type": "InitializeVariable",
          "inputs": {
            "variables": [
              {
                "name": "GuestSyncStatusStats-ListName",
                "type": "string",
                "value": "GuestSyncStatusStats"
              }
            ]
          }
        },
        "GuestSyncStatusStats_-_create_list": {
          "runAfter": {
            "Initialize_variable_-_GuestSyncStatusStats_list_name": [
              "Succeeded"
            ]
          },
          "metadata": {
            "operationMetadataId": "3e70c028-927e-40da-8074-bbe0f13757ea"
          },
          "type": "OpenApiConnection",
          "inputs": {
            "host": {
              "connectionName": "shared_sharepointonline_1",
              "operationId": "HttpRequest",
              "apiId": "/providers/Microsoft.PowerApps/apis/shared_sharepointonline"
            },
            "parameters": {
              "dataset": "@variables('SPsiteURL')",
              "parameters/method": "POST",
              "parameters/uri": "_api/web/lists",
              "parameters/headers": {
                "Accept": "application/json; odata=verbose",
                "Content-Type": "application/json"
              },
              "parameters/body": "{\n  \"AllowContentTypes\": false,\n  \"BaseTemplate\": 100,\n \"ContentTypesEnabled\": false,\n \"Description\": \"Tracks the status of guest redemption\",\n \"Title\": \"@{variables('GuestSyncStatusStats-ListName')}\"\n}"
            },
            "authentication": {
              "type": "Raw",
              "value": "@json(decodeBase64(triggerOutputs().headers['X-MS-APIM-Tokens']))['$ConnectionKey']"
            }
          }
        },
        "GuestSyncStatusStats_-_create_count_column": {
          "runAfter": {
            "GuestSyncStatusStats_-_create_list": [
              "Succeeded"
            ]
          },
          "metadata": {
            "operationMetadataId": "6c29d63b-9c7c-4159-9be2-a58aceb04055"
          },
          "type": "OpenApiConnection",
          "inputs": {
            "host": {
              "connectionName": "shared_sharepointonline_1",
              "operationId": "HttpRequest",
              "apiId": "/providers/Microsoft.PowerApps/apis/shared_sharepointonline"
            },
            "parameters": {
              "dataset": "@variables('SPsiteURL')",
              "parameters/method": "POST",
              "parameters/uri": "_api/web/lists/getByTitle('@{variables('GuestSyncStatusStats-ListName')}')/fields",
              "parameters/headers": {
                "content-type": "application/json; odata=verbose"
              },
              "parameters/body": "{ '__metadata': { 'type': 'SP.Field' }, \n     'FieldTypeKind': 9, \n     'Title':'Count'\n}"
            },
            "authentication": {
              "type": "Raw",
              "value": "@json(decodeBase64(triggerOutputs().headers['X-MS-APIM-Tokens']))['$ConnectionKey']"
            }
          }
        },
        "GuestSyncStatusStats_-_add_count_column_to_view": {
          "runAfter": {
            "GuestSyncStatusStats_-_create_count_column": [
              "Succeeded"
            ]
          },
          "metadata": {
            "operationMetadataId": "175c80f3-53c1-49b0-aa80-b854b8616609"
          },
          "type": "OpenApiConnection",
          "inputs": {
            "host": {
              "connectionName": "shared_sharepointonline_1",
              "operationId": "HttpRequest",
              "apiId": "/providers/Microsoft.PowerApps/apis/shared_sharepointonline"
            },
            "parameters": {
              "dataset": "@variables('SPsiteURL')",
              "parameters/method": "POST",
              "parameters/uri": "_api/web/lists/getByTitle('@{variables('GuestSyncStatusStats-ListName')}')/views/GetByTitle('All%20Items')/ViewFields/AddViewField('Count')",
              "parameters/headers": {
                "content-type": "application/json; odata=verbose"
              }
            },
            "authentication": {
              "type": "Raw",
              "value": "@json(decodeBase64(triggerOutputs().headers['X-MS-APIM-Tokens']))['$ConnectionKey']"
            }
          }
        },
        "GuestSyncStatusStats_-_rename_Title_column": {
          "runAfter": {
            "GuestSyncStatusStats_-_add_count_column_to_view": [
              "Succeeded"
            ]
          },
          "metadata": {
            "operationMetadataId": "d5b4ea80-8f3e-4a70-be60-38cfe203edbf"
          },
          "type": "OpenApiConnection",
          "inputs": {
            "host": {
              "connectionName": "shared_sharepointonline_1",
              "operationId": "HttpRequest",
              "apiId": "/providers/Microsoft.PowerApps/apis/shared_sharepointonline"
            },
            "parameters": {
              "dataset": "@variables('SPsiteURL')",
              "parameters/method": "POST",
              "parameters/uri": "_api/web/lists/getByTitle('@{variables('GuestSyncStatusStats-ListName')}')/fields/getbytitle('Title')",
              "parameters/headers": {
                "Accept": "application/json;odata=verbose",
                "Content-Type": "application/json;odata=verbose",
                "IF-MATCH": "*",
                "X-HTTP-Method": "PATCH"
              },
              "parameters/body": "{ '__metadata': { 'type': 'SP.FieldText' }, \n     'Title':'Status'\n}"
            },
            "authentication": {
              "type": "Raw",
              "value": "@json(decodeBase64(triggerOutputs().headers['X-MS-APIM-Tokens']))['$ConnectionKey']"
            }
          }
        },
        "Initialize_variable_-_GuestSyncStatus_list_name": {
          "runAfter": {
            "Initialize_variable_-_SP_site_URL": [
              "Succeeded"
            ]
          },
          "metadata": {
            "operationMetadataId": "faf67f8f-69e9-41a0-8373-ff2ed05850a2"
          },
          "type": "InitializeVariable",
          "inputs": {
            "variables": [
              {
                "name": "GuestSyncStatus-ListName",
                "type": "string",
                "value": "GuestSyncStatus"
              }
            ]
          }
        },
        "GuestSyncStatus_-_create_list": {
          "runAfter": {
            "Initialize_variable_-_GuestSyncStatus_list_name": [
              "Succeeded"
            ]
          },
          "metadata": {
            "operationMetadataId": "b8f5a950-f417-45fa-adb1-b03938a2585f"
          },
          "type": "OpenApiConnection",
          "inputs": {
            "host": {
              "connectionName": "shared_sharepointonline_1",
              "operationId": "HttpRequest",
              "apiId": "/providers/Microsoft.PowerApps/apis/shared_sharepointonline"
            },
            "parameters": {
              "dataset": "@variables('SPsiteURL')",
              "parameters/method": "POST",
              "parameters/uri": "_api/web/lists",
              "parameters/headers": {
                "Accept": "application/json; odata=verbose",
                "Content-Type": "application/json"
              },
              "parameters/body": "{\n  \"AllowContentTypes\": false,\n  \"BaseTemplate\": 100,\n \"ContentTypesEnabled\": false,\n \"Description\": \"Tracks the status and information of guests\",\n \"Title\": \"@{variables('GuestSyncStatus-ListName')}\"\n}"
            },
            "authentication": {
              "type": "Raw",
              "value": "@json(decodeBase64(triggerOutputs().headers['X-MS-APIM-Tokens']))['$ConnectionKey']"
            }
          }
        },
        "Initialize_variable_-_GuestSyncStatus_list_columns": {
          "runAfter": {
            "GuestSyncStatus_-_create_list": [
              "Succeeded"
            ]
          },
          "metadata": {
            "operationMetadataId": "32b8d65e-29b1-40b3-8c63-47af6248175a"
          },
          "type": "InitializeVariable",
          "inputs": {
            "variables": [
              {
                "name": "GuestSyncStatus-ListColumns",
                "type": "array",
                "value": [
                  {
                    "FieldType": 2,
                    "FieldName": "GuestUPN"
                  },
                  {
                    "FieldType": 2,
                    "FieldName": "ExternalUserID"
                  },
                  {
                    "FieldType": 2,
                    "FieldName": "GuestID"
                  },
                  {
                    "FieldType": 2,
                    "FieldName": "DisplayName"
                  },
                  {
                    "FieldType": 2,
                    "FieldName": "JobTitle"
                  },
                  {
                    "FieldType": 2,
                    "FieldName": "Department"
                  },
                  {
                    "FieldType": 2,
                    "FieldName": "Company"
                  },
                  {
                    "FieldType": 2,
                    "FieldName": "Status"
                  },
                  {
                    "FieldType": 2,
                    "FieldName": "SyncOrg"
                  },
                  {
                    "FieldType": 4,
                    "FieldName": "InvitedDate"
                  },
                  {
                    "FieldType": 4,
                    "FieldName": "RedeemedDate"
                  },
                  {
                    "FieldType": 4,
                    "FieldName": "DeletedDate"
                  },
                  {
                    "FieldType": 8,
                    "FieldName": "ProfilePhoto"
                  }
                ]
              }
            ]
          }
        },
        "Apply_to_each_-_create_GuestSyncStatus_columns_and_add_to_view": {
          "foreach": "@variables('GuestSyncStatus-ListColumns')",
          "actions": {
            "GuestSync_Status_-_add_list_column_to_view": {
              "runAfter": {
                "GuestSyncStatus_-_create_list_column": [
                  "Succeeded"
                ]
              },
              "metadata": {
                "operationMetadataId": "1921798e-f4ab-48a4-844a-114ab4f1beb5"
              },
              "type": "OpenApiConnection",
              "inputs": {
                "host": {
                  "connectionName": "shared_sharepointonline_1",
                  "operationId": "HttpRequest",
                  "apiId": "/providers/Microsoft.PowerApps/apis/shared_sharepointonline"
                },
                "parameters": {
                  "dataset": "@variables('SPsiteURL')",
                  "parameters/method": "POST",
                  "parameters/uri": "_api/web/lists/getByTitle('@{variables('GuestSyncStatus-ListName')}')/views/GetByTitle('All%20Items')/ViewFields/AddViewField('@{outputs('Compose_-_FieldName_2')}')",
                  "parameters/headers": {
                    "content-type": "application/json; odata=verbose"
                  }
                },
                "authentication": {
                  "type": "Raw",
                  "value": "@json(decodeBase64(triggerOutputs().headers['X-MS-APIM-Tokens']))['$ConnectionKey']"
                }
              }
            },
            "Compose_-_FieldType_2": {
              "runAfter": {},
              "metadata": {
                "operationMetadataId": "7f6f2375-f18c-480f-9964-50445cd53ccf"
              },
              "type": "Compose",
              "inputs": "@items('Apply_to_each_-_create_GuestSyncStatus_columns_and_add_to_view')?['FieldType']"
            },
            "GuestSyncStatus_-_create_list_column": {
              "runAfter": {
                "Compose_-_FieldName_2": [
                  "Succeeded"
                ]
              },
              "metadata": {
                "operationMetadataId": "e9fab244-fb5c-4895-ad6c-6f3da92ca7a9"
              },
              "type": "OpenApiConnection",
              "inputs": {
                "host": {
                  "connectionName": "shared_sharepointonline_1",
                  "operationId": "HttpRequest",
                  "apiId": "/providers/Microsoft.PowerApps/apis/shared_sharepointonline"
                },
                "parameters": {
                  "dataset": "@variables('SPsiteURL')",
                  "parameters/method": "POST",
                  "parameters/uri": "_api/web/lists/getByTitle('@{variables('GuestSyncStatus-ListName')}')/fields",
                  "parameters/headers": {
                    "content-type": "application/json; odata=verbose"
                  },
                  "parameters/body": "{ '__metadata': { 'type': 'SP.Field' }, \n     'FieldTypeKind': @{outputs('Compose_-_FieldType_2')}, \n     'Title':'@{outputs('Compose_-_FieldName_2')}'\n}"
                },
                "authentication": {
                  "type": "Raw",
                  "value": "@json(decodeBase64(triggerOutputs().headers['X-MS-APIM-Tokens']))['$ConnectionKey']"
                }
              }
            },
            "Compose_-_FieldName_2": {
              "runAfter": {
                "Compose_-_FieldType_2": [
                  "Succeeded"
                ]
              },
              "metadata": {
                "operationMetadataId": "c32e0a3c-5c38-45c7-981d-9257f00cc058"
              },
              "type": "Compose",
              "inputs": "@items('Apply_to_each_-_create_GuestSyncStatus_columns_and_add_to_view')?['FieldName']"
            }
          },
          "runAfter": {
            "Initialize_variable_-_GuestSyncStatus_list_columns": [
              "Succeeded"
            ]
          },
          "metadata": {
            "operationMetadataId": "1a11d00a-304b-4510-aa9b-ab5731f14524"
          },
          "type": "Foreach"
        },
        "GuestSyncStatus_-_rename_Title_column": {
          "runAfter": {
            "Apply_to_each_-_create_GuestSyncStatus_columns_and_add_to_view": [
              "Succeeded"
            ]
          },
          "metadata": {
            "operationMetadataId": "d5b4ea80-8f3e-4a70-be60-38cfe203edbf"
          },
          "type": "OpenApiConnection",
          "inputs": {
            "host": {
              "connectionName": "shared_sharepointonline_1",
              "operationId": "HttpRequest",
              "apiId": "/providers/Microsoft.PowerApps/apis/shared_sharepointonline"
            },
            "parameters": {
              "dataset": "@variables('SPsiteURL')",
              "parameters/method": "POST",
              "parameters/uri": "_api/web/lists/getByTitle('@{variables('GuestSyncStatus-ListName')}')/fields/getbytitle('Title')",
              "parameters/headers": {
                "Accept": "application/json;odata=verbose",
                "Content-Type": "application/json;odata=verbose",
                "IF-MATCH": "*",
                "X-HTTP-Method": "PATCH"
              },
              "parameters/body": "{ '__metadata': { 'type': 'SP.FieldText' }, \n     'Title':'ExternalUPN'\n}"
            },
            "authentication": {
              "type": "Raw",
              "value": "@json(decodeBase64(triggerOutputs().headers['X-MS-APIM-Tokens']))['$ConnectionKey']"
            }
          }
        },
        "Create_item_-_Pending_Redemption": {
          "runAfter": {
            "GuestSyncStatusStats_-_rename_Title_column": [
              "Succeeded"
            ]
          },
          "metadata": {
            "operationMetadataId": "da04aa7f-a2a1-43f3-b282-ab12655c3859"
          },
          "type": "OpenApiConnection",
          "inputs": {
            "host": {
              "connectionName": "shared_sharepointonline",
              "operationId": "PostItem",
              "apiId": "/providers/Microsoft.PowerApps/apis/shared_sharepointonline"
            },
            "parameters": {
              "dataset": "https://m365x77791025.sharepoint.com/sites/GuestSync",
              "table": "6a631df2-9fe3-4fc0-b7a9-409a08839e0f",
              "item/Title": "Pending Redemption",
              "item/Count": 0
            },
            "authentication": {
              "type": "Raw",
              "value": "@json(decodeBase64(triggerOutputs().headers['X-MS-APIM-Tokens']))['$ConnectionKey']"
            }
          }
        },
        "Create_item_-_Redeemed": {
          "runAfter": {
            "Create_item_-_Pending_Redemption": [
              "Succeeded"
            ]
          },
          "metadata": {
            "operationMetadataId": "50d31871-69d7-495a-addc-5f17c5898bb0"
          },
          "type": "OpenApiConnection",
          "inputs": {
            "host": {
              "connectionName": "shared_sharepointonline",
              "operationId": "PostItem",
              "apiId": "/providers/Microsoft.PowerApps/apis/shared_sharepointonline"
            },
            "parameters": {
              "dataset": "https://m365x77791025.sharepoint.com/sites/GuestSync",
              "table": "6a631df2-9fe3-4fc0-b7a9-409a08839e0f",
              "item/Title": "Redeemed",
              "item/Count": 0
            },
            "authentication": {
              "type": "Raw",
              "value": "@json(decodeBase64(triggerOutputs().headers['X-MS-APIM-Tokens']))['$ConnectionKey']"
            }
          }
        }
      }
    },
    "templateName": null
  },
  "schemaVersion": "1.0.0.0"
}